"porcentagem","horas","ntrees","acuracia_total_treino","acuracia_total_teste","acuracia_nevoa","acuracia_visivel","sens_nevoa","sens_visivel","spec_nevoa","spec_visivel","ppv_nevoa","ppv_visivel","npv_nevoa","npv_visivel","bal_acc_nevoa","bal_acc_visivel","runtime_sec"
0.15,1,1,0.992348726174102,0.992882630919086,0.0518134715025907,0.0518134715025907,0.0518134715025907,0.996398977774336,0.996398977774336,0.0518134715025907,0.0510204081632654,0.996456852988441,0.996456852988441,0.0510204081632654,0.524106224638463,0.524106224638463,3.513
0.15,1,21,0.995463988040568,0.996132703250072,0.038860103626943,0.038860103626943,0.038860103626943,0.999709594981801,0.999709594981801,0.038860103626943,0.333333333333291,0.996420473732452,0.996420473732452,0.333333333333291,0.519284849304372,0.519284849304372,3.373
0.15,1,41,0.995409343231825,0.996296653486354,0.00518134715025907,0.00518134715025907,0.00518134715025907,1,1,0.00518134715025907,1,0.996296582053854,0.996296582053854,1,0.50259067357513,0.50259067357513,5.078
0.15,1,61,0.995409343231825,0.996277365223262,0,0,0,1,1,0,NA,0.996277365223262,0.996277365223262,NA,0.5,0.5,7.192
0.15,1,81,0.995409343231825,0.996277365223262,0,0,0,1,1,0,NA,0.996277365223262,0.996277365223262,NA,0.5,0.5,9.247
0.15,1,101,0.995409343231825,0.996277365223262,0,0,0,1,1,0,NA,0.996277365223262,0.996277365223262,NA,0.5,0.5,11.225
0.15,1,121,0.995409343231825,0.996277365223262,0,0,0,1,1,0,NA,0.996277365223262,0.996277365223262,NA,0.5,0.5,13.365
0.15,1,141,0.995409343231825,0.996277365223262,0,0,0,1,1,0,NA,0.996277365223262,0.996277365223262,NA,0.5,0.5,15.52
0.15,1,161,0.995409343231825,0.996277365223262,0,0,0,1,1,0,NA,0.996277365223262,0.996277365223262,NA,0.5,0.5,17.526
0.15,1,181,0.995409343231825,0.996287009354808,0.00259067357512953,0.00259067357512953,0.00259067357512953,1,1,0.00259067357512953,1,0.996286973545892,0.996286973545892,1,0.501295336787565,0.501295336787565,19.9
0.15,1,201,0.995409343231825,0.996296653486354,0.00518134715025907,0.00518134715025907,0.00518134715025907,1,1,0.00518134715025907,1,0.996296582053854,0.996296582053854,1,0.50259067357513,0.50259067357513,21.44
0.15,4,1,0.994643972419231,0.992207316249867,0.0265700483091787,0.0265700483091787,0.0265700483091787,0.996078355426878,0.996078355426878,0.0265700483091787,0.0264423076923077,0.996097645999361,0.996097645999361,0.0264423076923077,0.511324201868029,0.511324201868029,1.001
0.15,4,21,0.996939397876633,0.996007214019115,0,0,0,1,1,0,NA,0.996007214019115,0.996007214019115,NA,0.5,0.5,3.26700000000002
0.15,4,41,0.996939397876633,0.996007214019115,0,0,0,1,1,0,NA,0.996007214019115,0.996007214019115,NA,0.5,0.5,5.84200000000001
0.15,4,61,0.996939397876633,0.996007214019115,0,0,0,1,1,0,NA,0.996007214019115,0.996007214019115,NA,0.5,0.5,8.173
0.15,4,81,0.996939397876633,0.996007214019115,0,0,0,1,1,0,NA,0.996007214019115,0.996007214019115,NA,0.5,0.5,10.278
0.15,4,101,0.996939397876633,0.996007214019115,0,0,0,1,1,0,NA,0.996007214019115,0.996007214019115,NA,0.5,0.5,12.651
0.15,4,121,0.996939397876633,0.996007214019115,0,0,0,1,1,0,NA,0.996007214019115,0.996007214019115,NA,0.5,0.5,15.432
0.15,4,141,0.996939397876633,0.996007214019115,0,0,0,1,1,0,NA,0.996007214019115,0.996007214019115,NA,0.5,0.5,17.333
0.15,4,161,0.996939397876633,0.996007214019115,0,0,0,1,1,0,NA,0.996007214019115,0.996007214019115,NA,0.5,0.5,20.006
0.15,4,181,0.996939397876633,0.996007214019115,0,0,0,1,1,0,NA,0.996007214019115,0.996007214019115,NA,0.5,0.5,22.67
0.15,4,201,0.996939397876633,0.996007214019115,0,0,0,1,1,0,NA,0.996007214019115,0.996007214019115,NA,0.5,0.5,24.293
0.15,7,1,0.991692316423162,0.99224544516353,0.0456852791878173,0.0456852791878173,0.0456852791878173,0.995856206492589,0.995856206492589,0.0456852791878173,0.0403587443946193,0.996357824381266,0.996357824381266,0.0403587443946193,0.520770742840203,0.520770742840203,1.08600000000001
0.15,7,21,0.995846113408513,0.996113077613063,0.0126903553299492,0.0126903553299492,0.0126903553299492,0.999864455352561,0.999864455352561,0.0126903553299492,0.263157894736826,0.996247419497984,0.996247419497984,0.263157894736826,0.506277405341255,0.506277405341255,3.87799999999999
0.15,7,41,0.995900758217256,0.996199882331382,0.0126903553299492,0.0126903553299492,0.0126903553299492,0.999951591197343,0.999951591197343,0.0126903553299492,0.500000000000062,0.996247745271098,0.996247745271098,0.500000000000062,0.506320973263646,0.506320973263646,6.64099999999996
0.15,7,61,0.995900758217256,0.996180592393978,0.00761421319796954,0.00761421319796954,0.00761421319796954,0.999951591197343,0.999951591197343,0.00761421319796954,0.375000000000058,0.996228526231516,0.996228526231516,0.375000000000058,0.503782902197656,0.503782902197656,8.98500000000001
0.15,7,81,0.995900758217256,0.996199882331382,0.0101522842639594,0.0101522842639594,0.0101522842639594,0.999961272957875,0.999961272957875,0.0101522842639594,0.499999999999775,0.996238171944479,0.996238171944479,0.499999999999775,0.505056778610917,0.505056778610917,11.535
0.15,7,101,0.995900758217256,0.996199882331382,0.00761421319796954,0.00761421319796954,0.00761421319796954,0.999970954718406,0.999970954718406,0.00761421319796954,0.500000000000253,0.99622859898722,0.99622859898722,0.500000000000253,0.503792583958188,0.503792583958188,14.434
0.15,7,121,0.995900758217256,0.996199882331382,0.00761421319796954,0.00761421319796954,0.00761421319796954,0.999970954718406,0.999970954718406,0.00761421319796954,0.500000000000253,0.99622859898722,0.99622859898722,0.500000000000253,0.503792583958188,0.503792583958188,16.759
0.15,7,141,0.995900758217256,0.99619023736268,0.00761421319796954,0.00761421319796954,0.00761421319796954,0.999961272957875,0.999961272957875,0.00761421319796954,0.428571428571208,0.996228562609719,0.996228562609719,0.428571428571208,0.503787743077922,0.503787743077922,19.413
0.15,7,161,0.995900758217256,0.996209527300084,0.00761421319796954,0.00761421319796954,0.00761421319796954,0.999980636478937,0.999980636478937,0.00761421319796954,0.599999999999784,0.996228635364019,0.996228635364019,0.599999999999784,0.503797424838453,0.503797424838453,22.48
0.15,7,181,0.995900758217256,0.99619023736268,0.0050761421319797,0.0050761421319797,0.0050761421319797,0.999970954718406,0.999970954718406,0.0050761421319797,0.400000000000243,0.996218989930167,0.996218989930167,0.400000000000243,0.502523548425193,0.502523548425193,25.343
0.15,7,201,0.995846098474157,0.996199882331382,0,0,0,1,1,0,NA,0.996199882331382,0.996199882331382,NA,0.5,0.5,27.498
0.15,10,1,0.991582399562722,0.993161123543483,0.0225,0.0225,0.0225,0.996920752963049,0.996920752963049,0.0225,0.0275229357798166,0.996216556195268,0.996216556195268,0.0275229357798166,0.509710376481525,0.509710376481525,1.09800000000001
0.15,10,21,0.996173817983055,0.996122385986573,0,0,0,0.999980633666434,0.999980633666434,0,0,0.996141603163885,0.996141603163885,0,0.499990316833217,0.499990316833217,3.726
0.15,10,41,0.996173817983055,0.996132031792577,0,0,0,0.999990316833217,0.999990316833217,0,0,0.996141640381592,0.996141640381592,0,0.499995158416609,0.499995158416609,6.22800000000001
0.15,10,61,0.996173817983055,0.99614167759858,0,0,0,1,1,0,NA,0.99614167759858,0.99614167759858,NA,0.5,0.5,9.10199999999998
0.15,10,81,0.996173817983055,0.99614167759858,0,0,0,1,1,0,NA,0.99614167759858,0.99614167759858,NA,0.5,0.5,11.992
0.15,10,101,0.996173817983055,0.99614167759858,0,0,0,1,1,0,NA,0.99614167759858,0.99614167759858,NA,0.5,0.5,14.542
0.15,10,121,0.996173817983055,0.99614167759858,0,0,0,1,1,0,NA,0.99614167759858,0.99614167759858,NA,0.5,0.5,17.14
0.15,10,141,0.996173817983055,0.99614167759858,0,0,0,1,1,0,NA,0.99614167759858,0.99614167759858,NA,0.5,0.5,19.345
0.15,10,161,0.996173817983055,0.99614167759858,0,0,0,1,1,0,NA,0.99614167759858,0.99614167759858,NA,0.5,0.5,22.0839999999999
0.15,10,181,0.996173817983055,0.99614167759858,0,0,0,1,1,0,NA,0.99614167759858,0.99614167759858,NA,0.5,0.5,25.4119999999999
0.15,10,201,0.996173817983055,0.99614167759858,0,0,0,1,1,0,NA,0.99614167759858,0.99614167759858,NA,0.5,0.5,27.572
0.15,13,1,0.991472228067021,0.99156867095629,0.0205655526992288,0.0205655526992288,0.0205655526992288,0.995226198776048,0.995226198776048,0.0205655526992288,0.0159680638722553,0.996306708026367,0.996306708026367,0.0159680638722553,0.507895875737638,0.507895875737638,1.03699999999992
0.15,13,21,0.995572097451992,0.996257030127049,0.0025706940874036,0.0025706940874036,0.0025706940874036,1,1,0.0025706940874036,1,0.996256994018908,0.996256994018908,1,0.501285347043702,0.501285347043702,3.60900000000004
0.15,13,41,0.995572097451992,0.996247383297479,0,0,0,1,1,0,NA,0.996247383297479,0.996247383297479,NA,0.5,0.5,6.26499999999999
0.15,13,61,0.995572097451992,0.996247383297479,0,0,0,1,1,0,NA,0.996247383297479,0.996247383297479,NA,0.5,0.5,9.23699999999997
0.15,13,81,0.995572097451992,0.996247383297479,0,0,0,1,1,0,NA,0.996247383297479,0.996247383297479,NA,0.5,0.5,11.64
0.15,13,101,0.995572097451992,0.996247383297479,0,0,0,1,1,0,NA,0.996247383297479,0.996247383297479,NA,0.5,0.5,14.1830000000001
0.15,13,121,0.995572097451992,0.996247383297479,0,0,0,1,1,0,NA,0.996247383297479,0.996247383297479,NA,0.5,0.5,16.504
0.15,13,141,0.995572097451992,0.996247383297479,0,0,0,1,1,0,NA,0.996247383297479,0.996247383297479,NA,0.5,0.5,19.615
0.15,13,161,0.995572097451992,0.996247383297479,0,0,0,1,1,0,NA,0.996247383297479,0.996247383297479,NA,0.5,0.5,22.347
0.15,13,181,0.995572097451992,0.996247383297479,0,0,0,1,1,0,NA,0.996247383297479,0.996247383297479,NA,0.5,0.5,25.212
0.15,13,201,0.995572097451992,0.996247383297479,0,0,0,1,1,0,NA,0.996247383297479,0.996247383297479,NA,0.5,0.5,27.5
0.15,16,1,0.993548387096774,0.992378048780488,0.0267639902676399,0.0267639902676399,0.0267639902676399,0.996222284646009,0.996222284646009,0.0267639902676399,0.0274314214463841,0.996125795422627,0.996125795422627,0.0274314214463841,0.511493137456824,0.511493137456824,1.09900000000005
0.15,16,21,0.996774193548387,0.99603465575795,0,0,0,1,1,0,NA,0.99603465575795,0.99603465575795,NA,0.5,0.5,3.572
0.15,16,41,0.996774193548387,0.99603465575795,0,0,0,1,1,0,NA,0.99603465575795,0.99603465575795,NA,0.5,0.5,6.17600000000004
0.15,16,61,0.996774193548387,0.99603465575795,0,0,0,1,1,0,NA,0.99603465575795,0.99603465575795,NA,0.5,0.5,8.62099999999998
0.15,16,81,0.996774193548387,0.99603465575795,0,0,0,1,1,0,NA,0.99603465575795,0.99603465575795,NA,0.5,0.5,11.6949999999999
0.15,16,101,0.996774193548387,0.99603465575795,0,0,0,1,1,0,NA,0.99603465575795,0.99603465575795,NA,0.5,0.5,13.936
0.15,16,121,0.996774193548387,0.99603465575795,0,0,0,1,1,0,NA,0.99603465575795,0.99603465575795,NA,0.5,0.5,16.442
0.15,16,141,0.996774193548387,0.99603465575795,0,0,0,1,1,0,NA,0.99603465575795,0.99603465575795,NA,0.5,0.5,19.0659999999999
0.15,16,161,0.996774193548387,0.99603465575795,0,0,0,1,1,0,NA,0.99603465575795,0.99603465575795,NA,0.5,0.5,22.2189999999999
0.15,16,181,0.996774193548387,0.99603465575795,0,0,0,1,1,0,NA,0.99603465575795,0.99603465575795,NA,0.5,0.5,24.285
0.15,16,201,0.996774193548387,0.99603465575795,0,0,0,1,1,0,NA,0.99603465575795,0.99603465575795,NA,0.5,0.5,26.832
0.15,19,1,0.993219172641012,0.992010189902733,0.0100250626566416,0.0100250626566416,0.0100250626566416,0.995805604796916,0.995805604796916,0.0100250626566416,0.0091533180778032,0.99617229516934,0.99617229516934,0.0091533180778032,0.502915333726779,0.502915333726779,1.16800000000001
0.15,19,21,0.996117484219932,0.996149837887911,0,0,0,1,1,0,NA,0.996149837887911,0.996149837887911,NA,0.5,0.5,3.97699999999998
0.15,19,41,0.996117484219932,0.996149837887911,0,0,0,1,1,0,NA,0.996149837887911,0.996149837887911,NA,0.5,0.5,6.74899999999991
0.15,19,61,0.996117484219932,0.996149837887911,0,0,0,1,1,0,NA,0.996149837887911,0.996149837887911,NA,0.5,0.5,9.72899999999993
0.15,19,81,0.996117484219932,0.996149837887911,0,0,0,1,1,0,NA,0.996149837887911,0.996149837887911,NA,0.5,0.5,12.4849999999999
0.15,19,101,0.996117484219932,0.996149837887911,0,0,0,1,1,0,NA,0.996149837887911,0.996149837887911,NA,0.5,0.5,15.2820000000002
0.15,19,121,0.996117484219932,0.996149837887911,0,0,0,1,1,0,NA,0.996149837887911,0.996149837887911,NA,0.5,0.5,17.9779999999998
0.15,19,141,0.996117484219932,0.996149837887911,0,0,0,1,1,0,NA,0.996149837887911,0.996149837887911,NA,0.5,0.5,20.933
0.15,19,161,0.996117484219932,0.996149837887911,0,0,0,1,1,0,NA,0.996149837887911,0.996149837887911,NA,0.5,0.5,23.989
0.15,19,181,0.996117484219932,0.996149837887911,0,0,0,1,1,0,NA,0.996149837887911,0.996149837887911,NA,0.5,0.5,26.826
0.15,19,201,0.996117484219932,0.996149837887911,0,0,0,1,1,0,NA,0.996149837887911,0.996149837887911,NA,0.5,0.5,29.7250000000001
0.15,22,1,0.992561835489505,0.992018376072501,0.027431421446384,0.027431421446384,0.027431421446384,0.995765996201992,0.995765996201992,0.027431421446384,0.0245535714285715,0.99621964813648,0.99621964813648,0.0245535714285715,0.511598708824188,0.511598708824188,1.26999999999998
0.15,22,21,0.996226235587875,0.996062270178453,0.0149625935162095,0.0149625935162095,0.0149625935162095,0.999874045653606,0.999874045653606,0.0149625935162095,0.315789473684191,0.996187037859335,0.996187037859335,0.315789473684191,0.507418319584908,0.507418319584908,3.83600000000001
0.15,22,41,0.996280925224189,0.996071921477035,0.0174563591022444,0.0174563591022444,0.0174563591022444,0.999874045653606,0.999874045653606,0.0174563591022444,0.349999999999979,0.996196654214088,0.996196654214088,0.349999999999979,0.508665202377925,0.508665202377925,6.72599999999989
0.15,22,61,0.996280925224189,0.996081572775617,0.0149625935162095,0.0149625935162095,0.0149625935162095,0.999893423245359,0.999893423245359,0.0149625935162095,0.352941176470476,0.996187111471485,0.996187111471485,0.352941176470476,0.507428008380784,0.507428008380784,9.56200000000013
0.15,22,81,0.996280925224189,0.996120177969946,0.00748129675810474,0.00748129675810474,0.00748129675810474,0.999961244816494,0.999961244816494,0.00748129675810474,0.428571428571244,0.996158523637627,0.996158523637627,0.428571428571244,0.503721270787299,0.503721270787299,12.2550000000001
0.15,22,101,0.996280925224189,0.996110526671364,0.00748129675810474,0.00748129675810474,0.00748129675810474,0.999951556020618,0.999951556020618,0.00748129675810474,0.375000000000226,0.996158486559529,0.996158486559529,0.375000000000226,0.503716426389361,0.503716426389361,14.683
0.15,22,121,0.996280925224189,0.996110526671364,0.00748129675810474,0.00748129675810474,0.00748129675810474,0.999951556020618,0.999951556020618,0.00748129675810474,0.375000000000226,0.996158486559529,0.996158486559529,0.375000000000226,0.503716426389361,0.503716426389361,17.6320000000001
0.15,22,141,0.996280925224189,0.996062270178453,0.00997506234413965,0.00997506234413965,0.00997506234413965,0.999893423245359,0.999893423245359,0.00997506234413965,0.26666666666657,0.996167879688797,0.996167879688797,0.26666666666657,0.504934242794749,0.504934242794749,20.9390000000001
0.15,22,161,0.996280925224189,0.996062270178453,0.00997506234413965,0.00997506234413965,0.00997506234413965,0.999893423245359,0.999893423245359,0.00997506234413965,0.26666666666657,0.996167879688797,0.996167879688797,0.26666666666657,0.504934242794749,0.504934242794749,23.7420000000002
0.15,22,181,0.996280925224189,0.996071921477035,0.00997506234413965,0.00997506234413965,0.00997506234413965,0.999903112041235,0.999903112041235,0.00997506234413965,0.285714285714249,0.996167916678732,0.996167916678732,0.285714285714249,0.504939087192688,0.504939087192688,26.896
0.15,22,201,0.996280925224189,0.996120177969946,0.00748129675810474,0.00748129675810474,0.00748129675810474,0.999961244816494,0.999961244816494,0.00748129675810474,0.428571428571244,0.996158523637627,0.996158523637627,0.428571428571244,0.503721270787299,0.503721270787299,28.9280000000001
0.25,1,1,0.992354135685624,0.991654178926528,0.0336134453781513,0.0336134453781513,0.0336134453781513,0.99540992247381,0.99540992247381,0.0336134453781513,0.0279069767441861,0.996208499554911,0.996208499554911,0.0279069767441861,0.514511683925981,0.514511683925981,1.90300000000002
0.25,1,21,0.996324737939533,0.996095074543605,0.00280112044817927,0.00280112044817927,0.00280112044817927,0.999989018953287,0.999989018953287,0.00280112044817927,0.499999999999916,0.996105927522123,0.996105927522123,0.499999999999916,0.501395069700733,0.501395069700733,8.28500000000008
0.25,1,41,0.996291929540583,0.996095074543605,0,0,0,1,1,0,NA,0.996095074543605,0.996095074543605,NA,0.5,0.5,14.338
0.25,1,61,0.996291940308026,0.99610601271015,0.0224089635854342,0.0224089635854342,0.0224089635854342,0.999923132673006,0.999923132673006,0.0224089635854342,0.53333333333325,0.996181953439524,0.996181953439524,0.53333333333325,0.51116604812922,0.51116604812922,22.8040000000001
0.25,1,81,0.996291929540583,0.996095074543605,0,0,0,1,1,0,NA,0.996095074543605,0.996095074543605,NA,0.5,0.5,27.0330000000001
0.25,1,101,0.996291929540583,0.996095074543605,0,0,0,1,1,0,NA,0.996095074543605,0.996095074543605,NA,0.5,0.5,32.8679999999999
0.25,1,121,0.996291929540583,0.996095074543605,0,0,0,1,1,0,NA,0.996095074543605,0.996095074543605,NA,0.5,0.5,39.5249999999999
0.25,1,141,0.996291929540583,0.996095074543605,0,0,0,1,1,0,NA,0.996095074543605,0.996095074543605,NA,0.5,0.5,45.434
0.25,1,161,0.996291945690864,0.996073198210516,0.00560224089635854,0.00560224089635854,0.00560224089635854,0.999956075813146,0.999956075813146,0.00560224089635854,0.333333333333259,0.99611669601934,0.99611669601934,0.333333333333259,0.502779158354753,0.502779158354753,57.0619999999999
0.25,1,181,0.996291945690864,0.996073198210516,0.00560224089635854,0.00560224089635854,0.00560224089635854,0.999956075813146,0.999956075813146,0.00560224089635854,0.333333333333259,0.99611669601934,0.99611669601934,0.333333333333259,0.502779158354753,0.502779158354753,64.365
0.25,1,201,0.996291945690864,0.996073198210516,0.00560224089635854,0.00560224089635854,0.00560224089635854,0.999956075813146,0.999956075813146,0.00560224089635854,0.333333333333259,0.99611669601934,0.99611669601934,0.333333333333259,0.502779158354753,0.502779158354753,71.374
0.25,4,1,0.992452318651221,0.992846204331656,0.0251396648044693,0.0251396648044693,0.0251396648044693,0.996650633634227,0.996650633634227,0.0251396648044693,0.0286624203821656,0.996169297302044,0.996169297302044,0.0286624203821656,0.510895149219348,0.510895149219348,1.97199999999998
0.25,4,21,0.996423066247062,0.996062130824765,0,0,0,0.999978036941864,0.999978036941864,0,0,0.996083922203505,0.996083922203505,0,0.499989018470932,0.499989018470932,9.31600000000003
0.25,4,41,0.996455880028851,0.996007438197331,0,0,0,0.999923129296523,0.999923129296523,0,0,0.99608370800652,0.99608370800652,0,0.499961564648262,0.499961564648262,15.3049999999998
0.25,4,61,0.996455880028851,0.996040253773791,0.00279329608938547,0.00279329608938547,0.00279329608938547,0.999945092354659,0.999945092354659,0.00279329608938547,0.16666666666663,0.996094690091233,0.996094690091233,0.16666666666663,0.501369194222022,0.501369194222022,22.5300000000002
0.25,4,81,0.996423066247062,0.996051192299278,0.00558659217877095,0.00558659217877095,0.00558659217877095,0.999945092354659,0.999945092354659,0.00558659217877095,0.285714285714232,0.996105586732741,0.996105586732741,0.285714285714232,0.502765842266715,0.502765842266715,29.5309999999999
0.25,4,101,0.996423066247062,0.996051192299278,0.00558659217877095,0.00558659217877095,0.00558659217877095,0.999945092354659,0.999945092354659,0.00558659217877095,0.285714285714232,0.996105586732741,0.996105586732741,0.285714285714232,0.502765842266715,0.502765842266715,35.9750000000001
0.25,4,121,0.996455880028851,0.996029315248305,0.00279329608938547,0.00279329608938547,0.00279329608938547,0.999934110825591,0.999934110825591,0.00279329608938547,0.142857142857152,0.99609464736963,0.99609464736963,0.142857142857152,0.501363703457488,0.501363703457488,45.396
0.25,4,141,0.996423066247062,0.996051192299278,0.00558659217877095,0.00558659217877095,0.00558659217877095,0.999945092354659,0.999945092354659,0.00558659217877095,0.285714285714232,0.996105586732741,0.996105586732741,0.285714285714232,0.502765842266715,0.502765842266715,49.4949999999999
0.25,4,161,0.996455880028851,0.996051192299278,0.00558659217877095,0.00558659217877095,0.00558659217877095,0.999945092354659,0.999945092354659,0.00558659217877095,0.285714285714232,0.996105586732741,0.996105586732741,0.285714285714232,0.502765842266715,0.502765842266715,59.827
0.25,4,181,0.996455880028851,0.996062130824765,0.00837988826815642,0.00837988826815642,0.00837988826815642,0.999945092354659,0.999945092354659,0.00837988826815642,0.374999999999938,0.996116483612655,0.996116483612655,0.374999999999938,0.504162490311408,0.504162490311408,66.8979999999999
0.25,4,201,0.996455880028851,0.996062130824765,0.00837988826815642,0.00837988826815642,0.00837988826815642,0.999945092354659,0.999945092354659,0.00837988826815642,0.374999999999938,0.996116483612655,0.996116483612655,0.374999999999938,0.504162490311408,0.504162490311408,74.9450000000002
0.25,7,1,0.992583110621056,0.992769239183941,0.00840336134453781,0.00840336134453781,0.00840336134453781,0.996628522480177,0.996628522480177,0.00840336134453781,0.00967741935483855,0.996114373525053,0.996114373525053,0.00967741935483855,0.502515941912358,0.502515941912358,1.82999999999993
0.25,7,21,0.996291563389203,0.996083793688126,0,0,0,0.999989017988535,0.999989017988535,0,0,0.996094690091233,0.996094690091233,0,0.499994508994267,0.499994508994267,8.16199999999981
0.25,7,41,0.996291563389203,0.996094732811902,0,0,0,1,1,0,NA,0.996094732811902,0.996094732811902,NA,0.5,0.5,14.9079999999999
0.25,7,61,0.996324377170991,0.996094732811902,0.00840336134453781,0.00840336134453781,0.00840336134453781,0.999967053965604,0.999967053965604,0.00840336134453781,0.500000000000218,0.9961272959993,0.9961272959993,0.500000000000218,0.504185207655071,0.504185207655071,23.0409999999997
0.25,7,81,0.996291563389203,0.996094732811902,0,0,0,1,1,0,NA,0.996094732811902,0.996094732811902,NA,0.5,0.5,27.7640000000001
0.25,7,101,0.996291563389203,0.996094732811902,0,0,0,1,1,0,NA,0.996094732811902,0.996094732811902,NA,0.5,0.5,34.357
0.25,7,121,0.996291563389203,0.996094732811902,0,0,0,1,1,0,NA,0.996094732811902,0.996094732811902,NA,0.5,0.5,41.0150000000003
0.25,7,141,0.996291563389203,0.996094732811902,0,0,0,1,1,0,NA,0.996094732811902,0.996094732811902,NA,0.5,0.5,47.5799999999999
0.25,7,161,0.996291563389203,0.996094732811902,0,0,0,1,1,0,NA,0.996094732811902,0.996094732811902,NA,0.5,0.5,53.3420000000001
0.25,7,181,0.996291563389203,0.996094732811902,0,0,0,1,1,0,NA,0.996094732811902,0.996094732811902,NA,0.5,0.5,60.163
0.25,7,201,0.996291563389203,0.996094732811902,0,0,0,1,1,0,NA,0.996094732811902,0.996094732811902,NA,0.5,0.5,66.7860000000001
0.25,10,1,0.992746694908494,0.992440403907797,0.0173913043478261,0.0173913043478261,0.0173913043478261,0.996134501768026,0.996134501768026,0.0173913043478261,0.016759776536313,0.996276730112357,0.996276730112357,0.016759776536313,0.506762903057926,0.506762903057926,1.78899999999976
0.25,10,21,0.995963107874332,0.996181911669785,0.00579710144927536,0.00579710144927536,0.00579710144927536,0.999934110825591,0.999934110825591,0.00579710144927536,0.250000000000014,0.996247223711419,0.996247223711419,0.250000000000014,0.502865606137433,0.502865606137433,8.88300000000027
0.25,10,41,0.995963113260705,0.996214731913311,0.0115942028985507,0.0115942028985507,0.0115942028985507,0.999945092354659,0.999945092354659,0.0115942028985507,0.444444444444379,0.996269064968599,0.996269064968599,0.444444444444379,0.505769647626605,0.505769647626605,15.9410000000003
0.25,10,61,0.995963113260705,0.996225671994486,0.00869565217391304,0.00869565217391304,0.00869565217391304,0.999967055412796,0.999967055412796,0.00869565217391304,0.499999999999597,0.996258246627499,0.996258246627499,0.499999999999597,0.504331353793354,0.504331353793354,22.819
0.25,10,81,0.995930288707939,0.996214731913311,0.00579710144927536,0.00579710144927536,0.00579710144927536,0.999967055412796,0.999967055412796,0.00579710144927536,0.399999999999613,0.996247346885189,0.996247346885189,0.399999999999613,0.502882078431035,0.502882078431035,29.7040000000002
0.25,10,101,0.995930288707939,0.996181911669785,0.00579710144927536,0.00579710144927536,0.00579710144927536,0.999934110825591,0.999934110825591,0.00579710144927536,0.250000000000014,0.996247223711419,0.996247223711419,0.250000000000014,0.502865606137433,0.502865606137433,38.4779999999996
0.25,10,121,0.995930288707939,0.996203791832135,0.00579710144927536,0.00579710144927536,0.00579710144927536,0.999956073883728,0.999956073883728,0.00579710144927536,0.333333333333162,0.996247305828164,0.996247305828164,0.333333333333162,0.502876587666501,0.502876587666501,44.1439999999998
0.25,10,141,0.995930288707939,0.996149091426258,0.00579710144927536,0.00579710144927536,0.00579710144927536,0.999901166238387,0.999901166238387,0.00579710144927536,0.181818181818109,0.996247100529564,0.996247100529564,0.181818181818109,0.502849133843831,0.502849133843831,53.6350000000002
0.25,10,161,0.995930288707939,0.996170971588609,0.00579710144927536,0.00579710144927536,0.00579710144927536,0.999923129296523,0.999923129296523,0.00579710144927536,0.222222222222276,0.996247182651699,0.996247182651699,0.222222222222276,0.502860115372899,0.502860115372899,61.6079999999997
0.25,10,181,0.995963107874332,0.996170971588609,0.00579710144927536,0.00579710144927536,0.00579710144927536,0.999923129296523,0.999923129296523,0.00579710144927536,0.222222222222276,0.996247182651699,0.996247182651699,0.222222222222276,0.502860115372899,0.502860115372899,68.4689999999996
0.25,10,201,0.995930288707939,0.996170971588609,0.00579710144927536,0.00579710144927536,0.00579710144927536,0.999923129296523,0.999923129296523,0.00579710144927536,0.222222222222276,0.996247182651699,0.996247182651699,0.222222222222276,0.502860115372899,0.502860115372899,76.4099999999999
0.25,13,1,0.992450417420834,0.993052364384341,0.0332409972299169,0.0332409972299169,0.0332409972299169,0.996858420202775,0.996858420202775,0.0332409972299169,0.0402684563758391,0.996169045005488,0.996169045005488,0.0402684563758391,0.515049708716346,0.515049708716346,1.96499999999969
0.25,13,21,0.996422129097801,0.996061182958052,0.00277008310249307,0.00277008310249307,0.00277008310249307,1,1,0.00277008310249307,1,0.996061139862359,0.996061139862359,1,0.501385041551247,0.501385041551247,8.05899999999974
0.25,13,41,0.996422129097801,0.996061182958052,0.00277008310249307,0.00277008310249307,0.00277008310249307,1,1,0.00277008310249307,1,0.996061139862359,0.996061139862359,1,0.501385041551247,0.501385041551247,14.4110000000001
0.25,13,61,0.996422129097801,0.996061182958052,0.00277008310249307,0.00277008310249307,0.00277008310249307,1,1,0.00277008310249307,1,0.996061139862359,0.996061139862359,1,0.501385041551247,0.501385041551247,20.8849999999998
0.25,13,81,0.996422129097801,0.996061182958052,0.00277008310249307,0.00277008310249307,0.00277008310249307,1,1,0.00277008310249307,1,0.996061139862359,0.996061139862359,1,0.501385041551247,0.501385041551247,27.4229999999998
0.25,13,101,0.996422129097801,0.996061182958052,0.00277008310249307,0.00277008310249307,0.00277008310249307,1,1,0.00277008310249307,1,0.996061139862359,0.996061139862359,1,0.501385041551247,0.501385041551247,34.1399999999999
0.25,13,121,0.996422129097801,0.996050241799602,0,0,0,1,1,0,NA,0.996050241799602,0.996050241799602,NA,0.5,0.5,41.1950000000002
0.25,13,141,0.996422129097801,0.996050241799602,0,0,0,1,1,0,NA,0.996050241799602,0.996050241799602,NA,0.5,0.5,46.8409999999999
0.25,13,161,0.996422129097801,0.996050241799602,0,0,0,1,1,0,NA,0.996050241799602,0.996050241799602,NA,0.5,0.5,53.172
0.25,13,181,0.996422129097801,0.996050241799602,0,0,0,1,1,0,NA,0.996050241799602,0.996050241799602,NA,0.5,0.5,58.386
0.25,13,201,0.996422129097801,0.996061182958052,0.00277008310249307,0.00277008310249307,0.00277008310249307,1,1,0.00277008310249307,1,0.996061139862359,0.996061139862359,1,0.501385041551247,0.501385041551247,66.02
0.25,16,1,0.994123645327151,0.993631409625107,0.00533333333333333,0.00533333333333333,0.00533333333333333,0.997703574293217,0.997703574293217,0.00533333333333333,0.00947867298578206,0.99590896627365,0.99590896627365,0.00947867298578206,0.501518453813275,0.501518453813275,1.77100000000019
0.25,16,21,0.996946917870404,0.995863699034863,0.00266666666666667,0.00266666666666667,0.00266666666666667,0.99995604926877,0.99995604926877,0.00266666666666667,0.199999999999918,0.995907245488668,0.995907245488668,0.199999999999918,0.501311357967718,0.501311357967718,8.49600000000009
0.25,16,41,0.996946912482264,0.995896526820301,0,0,0,1,1,0,NA,0.995896526820301,0.995896526820301,NA,0.5,0.5,14.3620000000001
0.25,16,61,0.996946912482264,0.995885584225155,0,0,0,0.999989012317192,0.999989012317192,0,0,0.995896481917164,0.995896481917164,0,0.499994506158596,0.499994506158596,20.6570000000002
0.25,16,81,0.996946912482264,0.995896526820301,0,0,0,1,1,0,NA,0.995896526820301,0.995896526820301,NA,0.5,0.5,27.2370000000001
0.25,16,101,0.996946912482264,0.995885584225155,0,0,0,0.999989012317192,0.999989012317192,0,0,0.995896481917164,0.995896481917164,0,0.499994506158596,0.499994506158596,35.8739999999998
0.25,16,121,0.996946912482264,0.995896526820301,0,0,0,1,1,0,NA,0.995896526820301,0.995896526820301,NA,0.5,0.5,40.0509999999999
0.25,16,141,0.996914087929498,0.995896526820301,0,0,0,1,1,0,NA,0.995896526820301,0.995896526820301,NA,0.5,0.5,46.2429999999999
0.25,16,161,0.996946912482264,0.995885584225155,0,0,0,0.999989012317192,0.999989012317192,0,0,0.995896481917164,0.995896481917164,0,0.499994506158596,0.499994506158596,55.364
0.25,16,181,0.996946912482264,0.995896526820301,0,0,0,1,1,0,NA,0.995896526820301,0.995896526820301,NA,0.5,0.5,59.2710000000002
0.25,16,201,0.996946912482264,0.995896526820301,0,0,0,1,1,0,NA,0.995896526820301,0.995896526820301,NA,0.5,0.5,66.058
0.25,19,1,0.992743855421921,0.991682262424621,0.0275482093663912,0.0275482093663912,0.0275482093663912,0.995527865682138,0.995527865682138,0.0275482093663912,0.0239808153477217,0.996118917254876,0.996118917254876,0.0239808153477217,0.511538037524265,0.511538037524265,1.87800000000016
0.25,19,21,0.996486856758726,0.996016241477055,0.00275482093663912,0.00275482093663912,0.00275482093663912,0.999978023909986,0.999978023909986,0.00275482093663912,0.333333333333114,0.996038000175116,0.996038000175116,0.333333333333114,0.501366422423313,0.501366422423313,7.91200000000026
0.25,19,41,0.996486856758726,0.996027185868602,0.00275482093663912,0.00275482093663912,0.00275482093663912,0.999989011954993,0.999989011954993,0.00275482093663912,0.500000000001016,0.996038043537743,0.996038043537743,0.500000000001016,0.501371916445816,0.501371916445816,14.2360000000003
0.25,19,61,0.996486856758726,0.996038130260148,0.00275482093663912,0.00275482093663912,0.00275482093663912,1,1,0.00275482093663912,1,0.99603808689942,0.99603808689942,1,0.50137741046832,0.50137741046832,20.4629999999997
0.25,19,81,0.996486856758726,0.996038130260148,0.00275482093663912,0.00275482093663912,0.00275482093663912,1,1,0.00275482093663912,1,0.99603808689942,0.99603808689942,1,0.50137741046832,0.50137741046832,26.4559999999997
0.25,19,101,0.996486856758726,0.996038130260148,0.00275482093663912,0.00275482093663912,0.00275482093663912,1,1,0.00275482093663912,1,0.99603808689942,0.99603808689942,1,0.50137741046832,0.50137741046832,32.7129999999997
0.25,19,121,0.996486856758726,0.996027185868602,0,0,0,1,1,0,NA,0.996027185868602,0.996027185868602,NA,0.5,0.5,39.1820000000002
0.25,19,141,0.996486856758726,0.996027185868602,0,0,0,1,1,0,NA,0.996027185868602,0.996027185868602,NA,0.5,0.5,45.5810000000001
0.25,19,161,0.996486856758726,0.996027185868602,0,0,0,1,1,0,NA,0.996027185868602,0.996027185868602,NA,0.5,0.5,51.5859999999998
0.25,19,181,0.996486856758726,0.996027185868602,0,0,0,1,1,0,NA,0.996027185868602,0.996027185868602,NA,0.5,0.5,57.4679999999998
0.25,19,201,0.996486856758726,0.996027185868602,0,0,0,1,1,0,NA,0.996027185868602,0.996027185868602,NA,0.5,0.5,64.3120000000004
0.25,22,1,0.993432033426259,0.991910678123803,0.0188679245283019,0.0188679245283019,0.0188679245283019,0.99587839620153,0.99587839620153,0.0188679245283019,0.018324607329843,0.995998812834577,0.995998812834577,0.018324607329843,0.507373160364916,0.507373160364916,1.74600000000009
0.25,22,21,0.996781711637321,0.995927973291008,0.00269541778975741,0.00269541778975741,0.00269541778975741,0.999978018113075,0.999978018113075,0.00269541778975741,0.333333333333586,0.995949732901305,0.995949732901305,0.333333333333586,0.501336717951416,0.501336717951416,7.35400000000027
0.25,22,41,0.996781711637321,0.995949865907723,0.00269541778975741,0.00269541778975741,0.00269541778975741,1,1,0.00269541778975741,1,0.995949821573221,0.995949821573221,1,0.501347708894879,0.501347708894879,12.9549999999999
0.25,22,61,0.996781711637321,0.995949865907723,0.00269541778975741,0.00269541778975741,0.00269541778975741,1,1,0.00269541778975741,1,0.995949821573221,0.995949821573221,1,0.501347708894879,0.501347708894879,18.5309999999999
0.25,22,81,0.996781711637321,0.99596081221608,0.00539083557951483,0.00539083557951483,0.00539083557951483,1,1,0.00539083557951483,1,0.995960723785754,0.995960723785754,1,0.502695417789757,0.502695417789757,24.0209999999997
0.25,22,101,0.996781711637321,0.995949865907723,0.00269541778975741,0.00269541778975741,0.00269541778975741,1,1,0.00269541778975741,1,0.995949821573221,0.995949821573221,1,0.501347708894879,0.501347708894879,29.4350000000004
0.25,22,121,0.996781711637321,0.995949865907723,0.00269541778975741,0.00269541778975741,0.00269541778975741,1,1,0.00269541778975741,1,0.995949821573221,0.995949821573221,1,0.501347708894879,0.501347708894879,35.5339999999997
0.25,22,141,0.996781711637321,0.995949865907723,0.00269541778975741,0.00269541778975741,0.00269541778975741,1,1,0.00269541778975741,1,0.995949821573221,0.995949821573221,1,0.501347708894879,0.501347708894879,40.9849999999997
0.25,22,161,0.996781711637321,0.995949865907723,0.00269541778975741,0.00269541778975741,0.00269541778975741,1,1,0.00269541778975741,1,0.995949821573221,0.995949821573221,1,0.501347708894879,0.501347708894879,46.3530000000001
0.25,22,181,0.996781711637321,0.995949865907723,0.00539083557951483,0.00539083557951483,0.00539083557951483,0.999989009056537,0.999989009056537,0.00539083557951483,0.666666666666919,0.995960679569139,0.995960679569139,0.666666666666919,0.502689922318026,0.502689922318026,55.4800000000005
0.25,22,201,0.996781711637321,0.995949865907723,0.00539083557951483,0.00539083557951483,0.00539083557951483,0.999989009056537,0.999989009056537,0.00539083557951483,0.666666666666919,0.995960679569139,0.995960679569139,0.666666666666919,0.502689922318026,0.502689922318026,60.0079999999998
0.35,1,1,0.993314897324531,0.992611210751004,0.0250783699059561,0.0250783699059561,0.0250783699059561,0.996525267896773,0.996525267896773,0.0250783699059561,0.028368794326241,0.996057901941895,0.996057901941895,0.028368794326241,0.510801818901364,0.510801818901364,2.70699999999943
0.35,1,21,0.996598799012979,0.99603405158259,0.0188087774294671,0.0188087774294671,0.0188087774294671,0.999987318495974,0.999987318495974,0.0188087774294671,0.857142857143267,0.996046332436495,0.996046332436495,0.857142857143267,0.50939804796272,0.50939804796272,13.3039999999992
0.35,1,41,0.99657534410504,0.996046681991563,0.0219435736677116,0.0219435736677116,0.0219435736677116,0.999987318495974,0.999987318495974,0.0219435736677116,0.875000000000366,0.99605891418033,0.99605891418033,0.875000000000366,0.510965446081843,0.510965446081843,24.165
0.35,1,61,0.996528428787188,0.996046681991563,0.0188087774294671,0.0188087774294671,0.0188087774294671,1,1,0.0188087774294671,1,0.996046382376718,0.996046382376718,1,0.509404388714734,0.509404388714734,34.6030000000001
0.35,1,81,0.996551886446114,0.99603405158259,0.0188087774294671,0.0188087774294671,0.0188087774294671,0.999987318495974,0.999987318495974,0.0188087774294671,0.857142857143267,0.996046332436495,0.996046332436495,0.857142857143267,0.50939804796272,0.50939804796272,44.7129999999997
0.35,1,101,0.996551886446114,0.99603405158259,0.0188087774294671,0.0188087774294671,0.0188087774294671,0.999987318495974,0.999987318495974,0.0188087774294671,0.857142857143267,0.996046332436495,0.996046332436495,0.857142857143267,0.50939804796272,0.50939804796272,55.6779999999999
0.35,1,121,0.9965518891971,0.99603405158259,0.0188087774294671,0.0188087774294671,0.0188087774294671,0.999987318495974,0.999987318495974,0.0188087774294671,0.857142857143267,0.996046332436495,0.996046332436495,0.857142857143267,0.50939804796272,0.50939804796272,66.6260000000002
0.35,1,141,0.996528431538175,0.99603405158259,0.0188087774294671,0.0188087774294671,0.0188087774294671,0.999987318495974,0.999987318495974,0.0188087774294671,0.857142857143267,0.996046332436495,0.996046332436495,0.857142857143267,0.50939804796272,0.50939804796272,77.1260000000002
0.35,1,161,0.996528431538175,0.995996160355672,0.0250783699059561,0.0250783699059561,0.0250783699059561,0.999923910975842,0.999923910975842,0.0250783699059561,0.571428571428677,0.996071248105104,0.996071248105104,0.571428571428677,0.512501140440899,0.512501140440899,92.366
0.35,1,181,0.996504976630235,0.99603405158259,0.0188087774294671,0.0188087774294671,0.0188087774294671,0.999987318495974,0.999987318495974,0.0188087774294671,0.857142857143267,0.996046332436495,0.996046332436495,0.857142857143267,0.50939804796272,0.50939804796272,96.9310000000005
0.35,1,201,0.996504976630235,0.99603405158259,0.0188087774294671,0.0188087774294671,0.0188087774294671,0.999987318495974,0.999987318495974,0.0188087774294671,0.857142857143267,0.996046332436495,0.996046332436495,0.857142857143267,0.50939804796272,0.50939804796272,108.474
0.35,4,1,0.992587379779498,0.992459455363007,0.0263157894736842,0.0263157894736842,0.0263157894736842,0.996183496475123,0.996183496475123,0.0263157894736842,0.0258899676375401,0.99624665559261,0.99624665559261,0.0258899676375401,0.511249642974404,0.511249642974404,2.92199999999957
0.35,4,21,0.996223316912972,0.99616025867731,0.00986842105263158,0.00986842105263158,0.00986842105263158,0.999961961758888,0.999961961758888,0.00986842105263158,0.500000000000176,0.996197862718844,0.996197862718844,0.500000000000176,0.50491519140576,0.50491519140576,14.7160000000003
0.35,4,41,0.996199859254046,0.99616025867731,0.00657894736842105,0.00657894736842105,0.00657894736842105,0.999974641172592,0.999974641172592,0.00657894736842105,0.499999999999811,0.996185327405012,0.996185327405012,0.499999999999811,0.503276794270507,0.503276794270507,26.4970000000003
0.35,4,61,0.996199859254046,0.99618552013338,0.00657894736842105,0.00657894736842105,0.00657894736842105,1,1,0.00657894736842105,1,0.996185423771631,0.996185423771631,1,0.503289473684211,0.503289473684211,37.6390000000001
0.35,4,81,0.996176401595121,0.996147627949275,0.00657894736842105,0.00657894736842105,0.00657894736842105,0.999961961758888,0.999961961758888,0.00657894736842105,0.400000000000169,0.996185279219877,0.996185279219877,0.400000000000169,0.503270454563655,0.503270454563655,49.8040000000001
0.35,4,101,0.996199859254046,0.99616025867731,0.00328947368421053,0.00328947368421053,0.00328947368421053,0.999987320586296,0.999987320586296,0.00328947368421053,0.500000000000906,0.996172792724517,0.996172792724517,0.500000000000906,0.501638397135253,0.501638397135253,61.6349999999993
0.35,4,121,0.996199859254046,0.996147627949275,0.00328947368421053,0.00328947368421053,0.00328947368421053,0.999974641172592,0.999974641172592,0.00328947368421053,0.333333333333166,0.996172744382271,0.996172744382271,0.333333333333166,0.501632057428401,0.501632057428401,73.6999999999998
0.35,4,141,0.996176401595121,0.996147627949275,0.00328947368421053,0.00328947368421053,0.00328947368421053,0.999974641172592,0.999974641172592,0.00328947368421053,0.333333333333166,0.996172744382271,0.996172744382271,0.333333333333166,0.501632057428401,0.501632057428401,84.7250000000004
0.35,4,161,0.996176401595121,0.996172889405345,0.00657894736842105,0.00657894736842105,0.00657894736842105,0.999987320586296,0.999987320586296,0.00657894736842105,0.666666666667472,0.99618537558893,0.99618537558893,0.666666666667472,0.503283133977359,0.503283133977359,94.6660000000002
0.35,4,181,0.996176401595121,0.99616025867731,0.0164473684210526,0.0164473684210526,0.0164473684210526,0.99993660293148,0.99993660293148,0.0164473684210526,0.50000000000003,0.996222935246709,0.996222935246709,0.50000000000003,0.508191985676267,0.508191985676267,115.462
0.35,4,201,0.996176401595121,0.99616025867731,0.0164473684210526,0.0164473684210526,0.0164473684210526,0.99993660293148,0.99993660293148,0.0164473684210526,0.50000000000003,0.996222935246709,0.996222935246709,0.50000000000003,0.508191985676267,0.508191985676267,126.921
0.35,7,1,0.993126572987371,0.993115818459712,0.0158730158730159,0.0158730158730159,0.0158730158730159,0.997019733171004,0.997019733171004,0.0158730158730159,0.0208333333333333,0.996072319991891,0.996072319991891,0.0208333333333333,0.50644637452201,0.50644637452201,3.01099999999951
0.35,7,21,0.996410815838116,0.996021069384971,0.0285714285714286,0.0285714285714286,0.0285714285714286,0.999885862121443,0.999885862121443,0.0285714285714286,0.500000000000001,0.996133874085585,0.996133874085585,0.500000000000001,0.514228645346436,0.514228645346436,14.2159999999994
0.35,7,41,0.996434273497042,0.996033700910733,0.00317460317460317,0.00317460317460317,0.00317460317460317,1,1,0.00317460317460317,1,0.996033650809691,0.996033650809691,1,0.501587301587302,0.501587301587302,23.7390000000005
0.35,7,61,0.996434273497042,0.995995806333447,0.00317460317460317,0.00317460317460317,0.00317460317460317,0.999961954040481,0.999961954040481,0.00317460317460317,0.250000000000183,0.99603350049897,0.99603350049897,0.250000000000183,0.501568278607542,0.501568278607542,36.6770000000006
0.35,7,81,0.996457731155967,0.995995806333447,0.0158730158730159,0.0158730158730159,0.0158730158730159,0.999911226094455,0.999911226094455,0.0158730158730159,0.416666666666803,0.99608363337755,0.99608363337755,0.416666666666803,0.507892120983736,0.507892120983736,48.0069999999996
0.35,7,101,0.996481188814893,0.996021069384971,0.0222222222222222,0.0222222222222222,0.0222222222222222,0.999911226094455,0.999911226094455,0.0222222222222222,0.50000000000014,0.996108801940546,0.996108801940546,0.50000000000014,0.511066724158339,0.511066724158339,60.21
0.35,7,121,0.996481188814893,0.996008437859209,0.019047619047619,0.019047619047619,0.019047619047619,0.999911226094455,0.999911226094455,0.019047619047619,0.461538461538601,0.996096217500063,0.996096217500063,0.461538461538601,0.509479422571037,0.509479422571037,71.0520000000006
0.35,7,141,0.996481188814893,0.996033700910733,0.019047619047619,0.019047619047619,0.019047619047619,0.999936590067468,0.999936590067468,0.019047619047619,0.545454545454498,0.996096316135227,0.996096316135227,0.545454545454498,0.509492104557544,0.509492104557544,81.7859999999991
0.35,7,161,0.996481188814893,0.996021069384971,0.0158730158730159,0.0158730158730159,0.0158730158730159,0.999936590067468,0.999936590067468,0.0158730158730159,0.499999999999953,0.996083732329421,0.996083732329421,0.499999999999953,0.507904802970242,0.507904802970242,93.6940000000004
0.35,7,181,0.996457733907599,0.996021069384971,0.0126984126984127,0.0126984126984127,0.0126984126984127,0.999949272053975,0.999949272053975,0.0126984126984127,0.500000000000062,0.996071198473958,0.996071198473958,0.500000000000062,0.506323842376194,0.506323842376194,99.4980000000005
0.35,7,201,0.996457731155967,0.996058963962257,0.0253968253968254,0.0253968253968254,0.0253968253968254,0.999936590067468,0.999936590067468,0.0253968253968254,0.615384615384571,0.99612148470071,0.99612148470071,0.615384615384571,0.512666707732147,0.512666707732147,117.285
0.35,10,1,0.993407448487692,0.992496304998674,0.0297029702970297,0.0297029702970297,0.0297029702970297,0.99619569352507,0.99619569352507,0.0297029702970297,0.0291262135922333,0.996271495967128,0.996271495967128,0.0291262135922333,0.51294933191105,0.51294933191105,2.96399999999994
0.35,10,21,0.996105481022361,0.996172357600334,0,0,0,1,1,0,NA,0.996172357600334,0.996172357600334,NA,0.5,0.5,13.616
0.35,10,41,0.996128941432918,0.996273417465671,0.033003300330033,0.033003300330033,0.033003300330033,0.999974637956834,0.999974637956834,0.033003300330033,0.833333333333505,0.996298121264956,0.996298121264956,0.833333333333505,0.516488969143433,0.516488969143433,27.2809999999999
0.35,10,61,0.996128941432918,0.996184990083501,0.0066006600660066,0.0066006600660066,0.0066006600660066,0.999987318978417,0.999987318978417,0.0066006600660066,0.666666666665969,0.9961974784608,0.9961974784608,0.666666666665969,0.503293989522212,0.503293989522212,37.5540000000001
0.35,10,81,0.996152401843475,0.996210255049835,0.0132013201320132,0.0132013201320132,0.0132013201320132,0.999987318978417,0.999987318978417,0.0132013201320132,0.799999999999498,0.996222648946384,0.996222648946384,0.799999999999498,0.506594319555215,0.506594319555215,51.9350000000004
0.35,10,101,0.99617586500631,0.996222887533002,0.0165016501650165,0.0165016501650165,0.0165016501650165,0.999987318978417,0.999987318978417,0.0165016501650165,0.833333333332897,0.996235234666161,0.996235234666161,0.833333333332897,0.508244484571717,0.508244484571717,64.2960000000003
0.35,10,121,0.99617586500631,0.996197622566668,0.0099009900990099,0.0099009900990099,0.0099009900990099,0.999987318978417,0.999987318978417,0.0099009900990099,0.749999999999411,0.996210063544601,0.996210063544601,0.749999999999411,0.504944154538713,0.504944154538713,76.125
0.35,10,141,0.99617586500631,0.996184990083501,0.0099009900990099,0.0099009900990099,0.0099009900990099,0.999974637956834,0.999974637956834,0.0099009900990099,0.600000000000297,0.996210015665269,0.996210015665269,0.600000000000297,0.504937814027922,0.504937814027922,88.6620000000003
0.35,10,161,0.996152404595752,0.996159725117166,0.0066006600660066,0.0066006600660066,0.0066006600660066,0.999961956935251,0.999961956935251,0.0066006600660066,0.399999999999947,0.996197382384153,0.996197382384153,0.399999999999947,0.503281308500629,0.503281308500629,100.286999999999
0.35,10,181,0.996128941432918,0.996172357600334,0.0033003300330033,0.0033003300330033,0.0033003300330033,0.999987318978417,0.999987318978417,0.0033003300330033,0.499999999999215,0.996184893694968,0.996184893694968,0.499999999999215,0.50164382450571,0.50164382450571,106.696
0.35,10,201,0.996128941432918,0.996172357600334,0.0033003300330033,0.0033003300330033,0.0033003300330033,0.999987318978417,0.999987318978417,0.0033003300330033,0.499999999999215,0.996184893694968,0.996184893694968,0.499999999999215,0.50164382450571,0.50164382450571,117.744000000001
0.35,13,1,0.992374505066765,0.991813220133414,0.032051282051282,0.032051282051282,0.032051282051282,0.995611364789447,0.995611364789447,0.032051282051282,0.0280898876404496,0.996167318137977,0.996167318137977,0.0280898876404496,0.513831323420365,0.513831323420365,2.85199999999986
0.35,13,21,0.996292823004429,0.996070851020821,0.00320512820512821,0.00320512820512821,0.00320512820512821,1,1,0.00320512820512821,1,0.996070801379641,0.996070801379641,1,0.501602564102564,0.501602564102564,13.0969999999998
0.35,13,41,0.996292823004429,0.996070851020821,0.00320512820512821,0.00320512820512821,0.00320512820512821,1,1,0.00320512820512821,1,0.996070801379641,0.996070801379641,1,0.501602564102564,0.501602564102564,23.6870000000008
0.35,13,61,0.996292823004429,0.996058217101274,0,0,0,1,1,0,NA,0.996058217101274,0.996058217101274,NA,0.5,0.5,33.835
0.35,13,81,0.996292823004429,0.996070851020821,0.00320512820512821,0.00320512820512821,0.00320512820512821,1,1,0.00320512820512821,1,0.996070801379641,0.996070801379641,1,0.501602564102564,0.501602564102564,44.9439999999995
0.35,13,101,0.996292823004429,0.996070851020821,0.00320512820512821,0.00320512820512821,0.00320512820512821,1,1,0.00320512820512821,1,0.996070801379641,0.996070801379641,1,0.501602564102564,0.501602564102564,56.1580000000004
0.35,13,121,0.996292823004429,0.996058217101274,0,0,0,1,1,0,NA,0.996058217101274,0.996058217101274,NA,0.5,0.5,67.0609999999997
0.35,13,141,0.996292823004429,0.996058217101274,0,0,0,1,1,0,NA,0.996058217101274,0.996058217101274,NA,0.5,0.5,75.8239999999996
0.35,13,161,0.996292823004429,0.996058217101274,0,0,0,1,1,0,NA,0.996058217101274,0.996058217101274,NA,0.5,0.5,86.6239999999998
0.35,13,181,0.996292823004429,0.996058217101274,0,0,0,1,1,0,NA,0.996058217101274,0.996058217101274,NA,0.5,0.5,96.9120000000003
0.35,13,201,0.996292823004429,0.996058217101274,0,0,0,1,1,0,NA,0.996058217101274,0.996058217101274,NA,0.5,0.5,107.026
0.35,16,1,0.993007008374103,0.992974653155088,0.00946372239747634,0.00946372239747634,0.00946372239747634,0.996929908024104,0.996929908024104,0.00946372239747634,0.0122448979591839,0.996020127508017,0.996020127508017,0.0122448979591839,0.50319681521079,0.50319681521079,2.74600000000009
0.35,16,21,0.996409635015592,0.995994541457128,0,0,0,1,1,0,NA,0.995994541457128,0.995994541457128,NA,0.5,0.5,13.7860000000001
0.35,16,41,0.996409635015592,0.995994541457128,0,0,0,1,1,0,NA,0.995994541457128,0.995994541457128,NA,0.5,0.5,24.6170000000002
0.35,16,61,0.996409635015592,0.995994541457128,0,0,0,1,1,0,NA,0.995994541457128,0.995994541457128,NA,0.5,0.5,35.4179999999997
0.35,16,81,0.996409635015592,0.995994541457128,0,0,0,1,1,0,NA,0.995994541457128,0.995994541457128,NA,0.5,0.5,46.0680000000002
0.35,16,101,0.996409635015592,0.995994541457128,0,0,0,1,1,0,NA,0.995994541457128,0.995994541457128,NA,0.5,0.5,56.7719999999999
0.35,16,121,0.996409635015592,0.995994541457128,0,0,0,1,1,0,NA,0.995994541457128,0.995994541457128,NA,0.5,0.5,68.2309999999998
0.35,16,141,0.996409635015592,0.995994541457128,0,0,0,1,1,0,NA,0.995994541457128,0.995994541457128,NA,0.5,0.5,78.8159999999998
0.35,16,161,0.996409635015592,0.995994541457128,0,0,0,1,1,0,NA,0.995994541457128,0.995994541457128,NA,0.5,0.5,89.3709999999992
0.35,16,181,0.996409635015592,0.995994541457128,0,0,0,1,1,0,NA,0.995994541457128,0.995994541457128,NA,0.5,0.5,101.396999999999
0.35,16,201,0.996409635015592,0.995994541457128,0,0,0,1,1,0,NA,0.995994541457128,0.995994541457128,NA,0.5,0.5,109.85
0.35,19,1,0.991785392858942,0.991735119423733,0.0204081632653061,0.0204081632653061,0.0204081632653061,0.995357450910751,0.995357450910751,0.0204081632653061,0.0161290322580646,0.996343228624394,0.996343228624394,0.0161290322580646,0.507882807088029,0.507882807088029,2.87099999999919
0.35,19,21,0.995869225005929,0.996271957538228,0,0,0,0.999987315439647,0.999987315439647,0,0,0.99628454801653,0.99628454801653,0,0.499993657719823,0.499993657719823,13.8380000000016
0.35,19,41,0.995869225005929,0.996271957538228,0,0,0,0.999987315439647,0.999987315439647,0,0,0.99628454801653,0.99628454801653,0,0.499993657719823,0.499993657719823,24.3719999999994
0.35,19,61,0.995869225005929,0.996284594970302,0,0,0,1,1,0,NA,0.996284594970302,0.996284594970302,NA,0.5,0.5,35.5329999999994
0.35,19,81,0.995869225005929,0.996284594970302,0,0,0,1,1,0,NA,0.996284594970302,0.996284594970302,NA,0.5,0.5,46.6899999999987
0.35,19,101,0.995869225005929,0.996284594970302,0,0,0,1,1,0,NA,0.996284594970302,0.996284594970302,NA,0.5,0.5,56.8810000000012
0.35,19,121,0.995869225005929,0.996297232402376,0.00340136054421769,0.00340136054421769,0.00340136054421769,1,1,0.00340136054421769,1,0.99629718560831,0.99629718560831,1,0.501700680272109,0.501700680272109,68.646999999999
0.35,19,141,0.995869225005929,0.996297232402376,0.00340136054421769,0.00340136054421769,0.00340136054421769,1,1,0.00340136054421769,1,0.99629718560831,0.99629718560831,1,0.501700680272109,0.501700680272109,77.9050000000007
0.35,19,161,0.995869225005929,0.996297232402376,0.00340136054421769,0.00340136054421769,0.00340136054421769,1,1,0.00340136054421769,1,0.99629718560831,0.99629718560831,1,0.501700680272109,0.501700680272109,90.4759999999987
0.35,19,181,0.995869225005929,0.996297232402376,0.00340136054421769,0.00340136054421769,0.00340136054421769,1,1,0.00340136054421769,1,0.99629718560831,0.99629718560831,1,0.501700680272109,0.501700680272109,100.772000000001
0.35,19,201,0.995869225005929,0.996297232402376,0.00340136054421769,0.00340136054421769,0.00340136054421769,1,1,0.00340136054421769,1,0.99629718560831,0.99629718560831,1,0.501700680272109,0.501700680272109,111.993999999999
0.35,22,1,0.992323965663355,0.991506035517917,0.0614886731391586,0.0614886731391586,0.0614886731391586,0.995152653351268,0.995152653351268,0.0614886731391586,0.0473815461346634,0.996315776100821,0.996315776100821,0.0473815461346634,0.528320663245213,0.528320663245213,2.8760000000002
0.35,22,21,0.996244136945073,0.996106932945712,0.00323624595469256,0.00323624595469256,0.00323624595469256,1,1,0.00323624595469256,1,0.996106883737392,0.996106883737392,1,0.501618122977346,0.501618122977346,14.5799999999999
0.35,22,41,0.99629107428114,0.996157492258105,0.0226537216828479,0.0226537216828479,0.0226537216828479,0.999974621221734,0.999974621221734,0.0226537216828479,0.777777777777988,0.996182337622936,0.996182337622936,0.777777777777988,0.511314171452291,0.511314171452291,28.5059999999994
0.35,22,61,0.996244136945073,0.996182771914302,0.0226537216828479,0.0226537216828479,0.0226537216828479,1,1,0.0226537216828479,1,0.996182434140668,0.996182434140668,1,0.511326860841424,0.511326860841424,41.1570000000011
0.35,22,81,0.996244134189565,0.996094293117614,0,0,0,1,1,0,NA,0.996094293117614,0.996094293117614,NA,0.5,0.5,54.0939999999991
0.35,22,101,0.996220660011161,0.996094293117614,0,0,0,1,1,0,NA,0.996094293117614,0.996094293117614,NA,0.5,0.5,60.0159999999996
0.35,22,121,0.99622066276667,0.996170132086204,0.0194174757281553,0.0194174757281553,0.0194174757281553,1,1,0.0194174757281553,1,0.996169841610942,0.996169841610942,1,0.509708737864078,0.509708737864078,79.3299999999999
0.35,22,141,0.996244136945073,0.996132212601909,0.0161812297734628,0.0161812297734628,0.0161812297734628,0.999974621221734,0.999974621221734,0.0161812297734628,0.714285714285962,0.99615715224756,0.99615715224756,0.714285714285962,0.508077925497599,0.508077925497599,92.9179999999997
0.35,22,161,0.996244136945073,0.996144852430007,0.0194174757281553,0.0194174757281553,0.0194174757281553,0.999974621221734,0.999974621221734,0.0194174757281553,0.750000000000228,0.996169744776063,0.996169744776063,0.750000000000228,0.509696048474945,0.509696048474945,105.216999999999
0.35,22,181,0.996267611123477,0.996132212601909,0.0161812297734628,0.0161812297734628,0.0161812297734628,0.999974621221734,0.999974621221734,0.0161812297734628,0.714285714285962,0.99615715224756,0.99615715224756,0.714285714285962,0.508077925497599,0.508077925497599,117.406999999999
0.35,22,201,0.996267611123477,0.996132212601909,0.0161812297734628,0.0161812297734628,0.0161812297734628,0.999974621221734,0.999974621221734,0.0161812297734628,0.714285714285962,0.99615715224756,0.99615715224756,0.714285714285962,0.508077925497599,0.508077925497599,131.963
0.45,1,1,0.992313450205069,0.99164973709369,0.0384615384615385,0.0384615384615385,0.0384615384615385,0.995366204786755,0.995366204786755,0.0384615384615385,0.031347962382445,0.99624765478424,0.99624765478424,0.031347962382445,0.516913871624147,0.516913871624147,3.74799999999959
0.45,1,21,0.996202368862211,0.996160970363289,0.0192307692307692,0.0192307692307692,0.0192307692307692,0.999970007797973,0.999970007797973,0.0192307692307692,0.714285714285635,0.996190447734437,0.996190447734437,0.714285714285635,0.509600388514371,0.509600388514371,20.8539999999994
0.45,1,41,0.996202368862211,0.996116156787763,0.00769230769230769,0.00769230769230769,0.00769230769230769,0.999970007797973,0.999970007797973,0.00769230769230769,0.499999999999903,0.996145802210935,0.996145802210935,0.499999999999903,0.50383115774514,0.50383115774514,37.6700000000001
0.45,1,61,0.996202367195559,0.996131094646271,0.0115384615384615,0.0115384615384615,0.0115384615384615,0.999970007797973,0.999970007797973,0.0115384615384615,0.599999999999906,0.996160683607464,0.996160683607464,0.599999999999906,0.505754234668217,0.505754234668217,55.4920000000002
0.45,1,81,0.996202367195559,0.99614603250478,0.00769230769230769,0.00769230769230769,0.00769230769230769,1,1,0.00769230769230769,1,0.996145917361298,0.996145917361298,1,0.503846153846154,0.503846153846154,71.7579999999998
0.45,1,101,0.996184112358331,0.996116156787763,0,0,0,1,1,0,NA,0.996116156787763,0.996116156787763,NA,0.5,0.5,83.7790000000005
0.45,1,121,0.99622062536609,0.99614603250478,0.00769230769230769,0.00769230769230769,0.00769230769230769,1,1,0.00769230769230769,1,0.996145917361298,0.996145917361298,1,0.503846153846154,0.503846153846154,105.826999999999
0.45,1,141,0.99622062536609,0.99614603250478,0.00769230769230769,0.00769230769230769,0.00769230769230769,1,1,0.00769230769230769,1,0.996145917361298,0.996145917361298,1,0.503846153846154,0.503846153846154,123.468000000001
0.45,1,161,0.99622062536609,0.99614603250478,0.00769230769230769,0.00769230769230769,0.00769230769230769,1,1,0.00769230769230769,1,0.996145917361298,0.996145917361298,1,0.503846153846154,0.503846153846154,138.532999999999
0.45,1,181,0.99622062536609,0.99614603250478,0.00769230769230769,0.00769230769230769,0.00769230769230769,1,1,0.00769230769230769,1,0.996145917361298,0.996145917361298,1,0.503846153846154,0.503846153846154,160.257000000001
0.45,1,201,0.996238883536622,0.99614603250478,0.00769230769230769,0.00769230769230769,0.00769230769230769,1,1,0.00769230769230769,1,0.996145917361298,0.996145917361298,1,0.503846153846154,0.503846153846154,176.681999999999
0.45,4,1,0.992587042739972,0.992366526246601,0.0303030303030303,0.0303030303030303,0.0303030303030303,0.996175650139476,0.996175650139476,0.0303030303030303,0.0304182509505703,0.9961607102686,0.9961607102686,0.0304182509505703,0.513239340221253,0.513239340221253,4.03399999999965
0.45,4,21,0.996330041044961,0.996116040751695,0.0189393939393939,0.0189393939393939,0.0189393939393939,0.999985002549567,0.999985002549567,0.0189393939393939,0.833333333333305,0.996130632245727,0.996130632245727,0.833333333333305,0.50946219824448,0.50946219824448,21.7829999999994
0.45,4,41,0.996384818890467,0.996086164142093,0.0151515151515152,0.0151515151515152,0.0151515151515152,0.999970005099133,0.999970005099133,0.0151515151515152,0.666666666666621,0.996115692601888,0.996115692601888,0.666666666666621,0.507560760125324,0.507560760125324,40.2279999999992
0.45,4,61,0.996366560719936,0.996086164142093,0.0189393939393939,0.0189393939393939,0.0189393939393939,0.9999550076487,0.9999550076487,0.0189393939393939,0.624999999999952,0.996130516628321,0.996130516628321,0.624999999999952,0.509447200794047,0.509447200794047,57.6440000000002
0.45,4,81,0.996330044378873,0.996086164142093,0.0189393939393939,0.0189393939393939,0.0189393939393939,0.9999550076487,0.9999550076487,0.0189393939393939,0.624999999999952,0.996130516628321,0.996130516628321,0.624999999999952,0.509447200794047,0.509447200794047,76.4060000000009
0.45,4,101,0.996366560719936,0.996086164142093,0.0151515151515152,0.0151515151515152,0.0151515151515152,0.999970005099133,0.999970005099133,0.0151515151515152,0.666666666666621,0.996115692601888,0.996115692601888,0.666666666666621,0.507560760125324,0.507560760125324,93.9359999999997
0.45,4,121,0.996366560719936,0.996071225837292,0.0151515151515152,0.0151515151515152,0.0151515151515152,0.9999550076487,0.9999550076487,0.0151515151515152,0.571428571428522,0.996115634570852,0.996115634570852,0.571428571428522,0.507553261400107,0.507553261400107,113.296
0.45,4,141,0.996348300882448,0.996101102446894,0.0189393939393939,0.0189393939393939,0.0189393939393939,0.999970005099133,0.999970005099133,0.0189393939393939,0.714285714285673,0.996130574437888,0.996130574437888,0.714285714285673,0.509454699519264,0.509454699519264,131.540000000001
0.45,4,161,0.996348300882448,0.996086164142093,0.0189393939393939,0.0189393939393939,0.0189393939393939,0.9999550076487,0.9999550076487,0.0189393939393939,0.624999999999952,0.996130516628321,0.996130516628321,0.624999999999952,0.509447200794047,0.509447200794047,150.134
0.45,4,181,0.996384818890467,0.996071225837292,0.0151515151515152,0.0151515151515152,0.0151515151515152,0.9999550076487,0.9999550076487,0.0151515151515152,0.571428571428522,0.996115634570852,0.996115634570852,0.571428571428522,0.507553261400107,0.507553261400107,169.902
0.45,4,201,0.996384818890467,0.996101102446894,0.0189393939393939,0.0189393939393939,0.0189393939393939,0.999970005099133,0.999970005099133,0.0189393939393939,0.714285714285673,0.996130574437888,0.996130574437888,0.714285714285673,0.509454699519264,0.509454699519264,186.603999999999
0.45,7,1,0.993061390110393,0.991619110221399,0.0182481751824818,0.0182481751824818,0.0182481751824818,0.995619824792992,0.995619824792992,0.0182481751824818,0.0168350168350168,0.995963445926682,0.995963445926682,0.0168350168350168,0.506933999987737,0.506933999987737,3.90300000000025
0.45,7,21,0.996457658205681,0.995861842301832,0,0,0,0.999954998199928,0.999954998199928,0,0,0.99590647643236,0.99590647643236,0,0.499977499099964,0.499977499099964,20.4099999999999
0.45,7,41,0.996439398368193,0.995876781499298,0,0,0,0.999969998799952,0.999969998799952,0,0,0.995906537588144,0.995906537588144,0,0.499984999399976,0.499984999399976,36.2649999999994
0.45,7,61,0.996439398368193,0.995861842301832,0,0,0,0.999954998199928,0.999954998199928,0,0,0.99590647643236,0.99590647643236,0,0.499977499099964,0.499977499099964,53.8079999999991
0.45,7,81,0.996439398368193,0.995891720696764,0,0,0,0.999984999399976,0.999984999399976,0,0,0.995906598742101,0.995906598742101,0,0.499992499699988,0.499992499699988,69.8869999999988
0.45,7,101,0.996439398368193,0.995876781499298,0,0,0,0.999969998799952,0.999969998799952,0,0,0.995906537588144,0.995906537588144,0,0.499984999399976,0.499984999399976,85.8220000000001
0.45,7,121,0.996439398368193,0.995891720696764,0,0,0,0.999984999399976,0.999984999399976,0,0,0.995906598742101,0.995906598742101,0,0.499992499699988,0.499992499699988,101.536
0.45,7,141,0.996439398368193,0.995891720696764,0,0,0,0.999984999399976,0.999984999399976,0,0,0.995906598742101,0.995906598742101,0,0.499992499699988,0.499992499699988,119.071
0.45,7,161,0.996439398368193,0.995891720696764,0,0,0,0.999984999399976,0.999984999399976,0,0,0.995906598742101,0.995906598742101,0,0.499992499699988,0.499992499699988,136.545
0.45,7,181,0.996439398368193,0.995891720696764,0,0,0,0.999984999399976,0.999984999399976,0,0,0.995906598742101,0.995906598742101,0,0.499992499699988,0.499992499699988,152.293
0.45,7,201,0.996439398368193,0.995891720696764,0,0,0,0.999984999399976,0.999984999399976,0,0,0.995906598742101,0.995906598742101,0,0.499992499699988,0.499992499699988,168.828
0.45,10,1,0.991983479515403,0.992484910057969,0.0276679841897233,0.0276679841897233,0.0276679841897233,0.996145713043087,0.996145713043087,0.0276679841897233,0.0265151515151518,0.996310073798524,0.996310073798524,0.0265151515151518,0.511906848616405,0.511906848616405,3.81899999999951
0.45,10,21,0.996037400188614,0.996220044223989,0,0,0,1,1,0,NA,0.996220044223989,0.996220044223989,NA,0.5,0.5,19.6219999999994
0.45,10,41,0.996055660026101,0.996220044223989,0,0,0,1,1,0,NA,0.996220044223989,0.996220044223989,NA,0.5,0.5,37.2810000000009
0.45,10,61,0.996055665027883,0.996249925297317,0.00790513833992095,0.00790513833992095,0.00790513833992095,1,1,0.00790513833992095,1,0.996249813237711,0.996249813237711,1,0.50395256916996,0.50395256916996,54.5810000000001
0.45,10,81,0.996037403523135,0.996249925297317,0.00790513833992095,0.00790513833992095,0.00790513833992095,1,1,0.00790513833992095,1,0.996249813237711,0.996249813237711,1,0.50395256916996,0.50395256916996,71.264000000001
0.45,10,101,0.996037403523135,0.996249925297317,0.00790513833992095,0.00790513833992095,0.00790513833992095,1,1,0.00790513833992095,1,0.996249813237711,0.996249813237711,1,0.50395256916996,0.50395256916996,88.5510000000013
0.45,10,121,0.996037403523135,0.996264865833981,0.0118577075098814,0.0118577075098814,0.0118577075098814,1,1,0.0118577075098814,1,0.99626469841175,0.99626469841175,1,0.505928853754941,0.505928853754941,105.200999999999
0.45,10,141,0.996037403523135,0.996249925297317,0.00790513833992095,0.00790513833992095,0.00790513833992095,1,1,0.00790513833992095,1,0.996249813237711,0.996249813237711,1,0.50395256916996,0.50395256916996,122.938
0.45,10,161,0.996037403523135,0.996249925297317,0.00790513833992095,0.00790513833992095,0.00790513833992095,1,1,0.00790513833992095,1,0.996249813237711,0.996249813237711,1,0.50395256916996,0.50395256916996,140.373
0.45,10,181,0.996037400188614,0.996220044223989,0,0,0,1,1,0,NA,0.996220044223989,0.996220044223989,NA,0.5,0.5,146.889000000001
0.45,10,201,0.996037400188614,0.996220044223989,0,0,0,1,1,0,NA,0.996220044223989,0.996220044223989,NA,0.5,0.5,164.403
0.45,13,1,0.992274826524877,0.99243929772133,0.027027027027027,0.027027027027027,0.027027027027027,0.996189961899619,0.996189961899619,0.027027027027027,0.0268199233716472,0.996219848793952,0.996219848793952,0.0268199233716472,0.511608494463323,0.511608494463323,3.67499999999927
0.45,13,21,0.996292642723056,0.99617482256257,0.0347490347490347,0.0347490347490347,0.0347490347490347,0.999909999099991,0.999909999099991,0.0347490347490347,0.600000000000025,0.996263637722314,0.996263637722314,0.600000000000025,0.517329516924513,0.517329516924513,21.5040000000008
0.45,13,41,0.996329169067682,0.99614493836384,0.0193050193050193,0.0193050193050193,0.0193050193050193,0.999939999399994,0.999939999399994,0.0193050193050193,0.555555555555581,0.996204196305816,0.996204196305816,0.555555555555581,0.509622509352507,0.509622509352507,36.9609999999993
0.45,13,61,0.996310905895369,0.996070227867015,0.0115830115830116,0.0115830115830116,0.0115830115830116,0.999894998949989,0.999894998949989,0.0115830115830116,0.299999999999911,0.99617425091534,0.99617425091534,0.299999999999911,0.505739005266501,0.505739005266501,56.4869999999992
0.45,13,81,0.996310907562934,0.996070227867015,0.0154440154440154,0.0154440154440154,0.0154440154440154,0.999879998799988,0.999879998799988,0.0154440154440154,0.333333333333356,0.996189081344432,0.996189081344432,0.333333333333356,0.507662007122002,0.507662007122002,73.6540000000005
0.45,13,101,0.996310905895369,0.99614493836384,0.0115830115830116,0.0115830115830116,0.0115830115830116,0.999969999699997,0.999969999699997,0.0115830115830116,0.600000000000025,0.996174536760311,0.996174536760311,0.600000000000025,0.505776505641504,0.505776505641504,86.735999999999
0.45,13,121,0.996274381218308,0.996129996264475,0.0115830115830116,0.0115830115830116,0.0115830115830116,0.999954999549995,0.999954999549995,0.0115830115830116,0.499999999999718,0.996174479594734,0.996174479594734,0.499999999999718,0.505769005566504,0.505769005566504,102.682999999999
0.45,13,141,0.996274381218308,0.99614493836384,0.0115830115830116,0.0115830115830116,0.0115830115830116,0.999969999699997,0.999969999699997,0.0115830115830116,0.600000000000025,0.996174536760311,0.996174536760311,0.600000000000025,0.505776505641504,0.505776505641504,119.898999999999
0.45,13,161,0.996274381218308,0.99608516996638,0.0154440154440154,0.0154440154440154,0.0154440154440154,0.999894998949989,0.999894998949989,0.0154440154440154,0.363636363636265,0.996189138296918,0.996189138296918,0.363636363636265,0.507669507197002,0.507669507197002,143.757000000001
0.45,13,181,0.99625611971356,0.99608516996638,0.0154440154440154,0.0154440154440154,0.0154440154440154,0.999894998949989,0.999894998949989,0.0154440154440154,0.363636363636265,0.996189138296918,0.996189138296918,0.363636363636265,0.507669507197002,0.507669507197002,162.791999999999
0.45,13,201,0.996274382885873,0.99608516996638,0.0154440154440154,0.0154440154440154,0.0154440154440154,0.999894998949989,0.999894998949989,0.0154440154440154,0.363636363636265,0.996189138296918,0.996189138296918,0.363636363636265,0.507669507197002,0.507669507197002,179.799999999999
0.45,16,1,0.992419949529387,0.992079622212924,0.024390243902439,0.024390243902439,0.024390243902439,0.995650217489126,0.995650217489126,0.024390243902439,0.0202702702702702,0.996397478234764,0.996397478234764,0.0202702702702702,0.510020230695782,0.510020230695782,3.9429999999993
0.45,16,21,0.995945133747958,0.996249028632913,0.0040650406504065,0.0040650406504065,0.0040650406504065,0.999910004499775,0.999910004499775,0.0040650406504065,0.142857142857077,0.996338310242269,0.996338310242269,0.142857142857077,0.501987522575091,0.501987522575091,20.8130000000001
0.45,16,41,0.995945132079784,0.996323749178074,0.0121951219512195,0.0121951219512195,0.0121951219512195,0.999955002249888,0.999955002249888,0.0121951219512195,0.500000000000173,0.996368255866089,0.996368255866089,0.500000000000173,0.506075062100554,0.506075062100554,39.9639999999999
0.45,16,61,0.995926867239601,0.996308805069042,0,0,0,0.999985000749963,0.999985000749963,0,0,0.99632369423896,0.99632369423896,0,0.499992500374981,0.499992500374981,52.0749999999989
0.45,16,81,0.995926867239601,0.996278916850977,0,0,0,0.999955002249888,0.999955002249888,0,0,0.996323584355805,0.996323584355805,0,0.499977501124944,0.499977501124944,68.2600000000002
0.45,16,101,0.995945132079784,0.996263972741945,0.016260162601626,0.016260162601626,0.016260162601626,0.9998800059997,0.9998800059997,0.016260162601626,0.333333333333419,0.996382876958029,0.996382876958029,0.333333333333419,0.508070084300663,0.508070084300663,96.3630000000012
0.45,16,121,0.995926867239601,0.99629386096001,0,0,0,0.999970001499925,0.999970001499925,0,0,0.996323639298204,0.996323639298204,0,0.499985000749962,0.499985000749962,100.171
0.45,16,141,0.995926867239601,0.996278916850977,0,0,0,0.999955002249888,0.999955002249888,0,0,0.996323584355805,0.996323584355805,0,0.499977501124944,0.499977501124944,117.293
0.45,16,161,0.995926867239601,0.996234084523881,0.0040650406504065,0.0040650406504065,0.0040650406504065,0.999895005249738,0.999895005249738,0.0040650406504065,0.124999999999999,0.996338255515036,0.996338255515036,0.124999999999999,0.501980022950072,0.501980022950072,140.289999999999
0.45,16,181,0.995945132079784,0.996234084523881,0.0040650406504065,0.0040650406504065,0.0040650406504065,0.999895005249738,0.999895005249738,0.0040650406504065,0.124999999999999,0.996338255515036,0.996338255515036,0.124999999999999,0.501980022950072,0.501980022950072,155.957
0.45,16,201,0.995945132079784,0.996234084523881,0.0040650406504065,0.0040650406504065,0.0040650406504065,0.999895005249738,0.999895005249738,0.0040650406504065,0.124999999999999,0.996338255515036,0.996338255515036,0.124999999999999,0.501980022950072,0.501980022950072,174.82
0.45,19,1,0.992546567141755,0.991809404238783,0.0271317829457364,0.0271317829457364,0.0271317829457364,0.99554375225063,0.99554375225063,0.0271317829457364,0.0230263157894737,0.996231344404072,0.996231344404072,0.0230263157894737,0.511337767598183,0.511337767598183,3.77199999999903
0.45,19,21,0.996218492388202,0.995994380175171,0.0116279069767442,0.0116279069767442,0.0116279069767442,0.999804945384708,0.999804945384708,0.0116279069767442,0.187500000000037,0.99618777096726,0.99618777096726,0.187500000000037,0.505716426180726,0.505716426180726,21.476999999999
0.45,19,41,0.996273293581447,0.996099004573581,0.0155038759689922,0.0155038759689922,0.0155038759689922,0.999894970591766,0.999894970591766,0.0155038759689922,0.363636363636345,0.996203004708872,0.996203004708872,0.363636363636345,0.507699423280379,0.507699423280379,39.8950000000004
0.45,19,61,0.996255025404611,0.996113950916211,0.0193798449612403,0.0193798449612403,0.0193798449612403,0.999894970591766,0.999894970591766,0.0193798449612403,0.416666666666647,0.996217896971328,0.996217896971328,0.416666666666647,0.509637407776503,0.509637407776503,57.3739999999998
0.45,19,81,0.996218487382155,0.996128897258841,0.0193798449612403,0.0193798449612403,0.0193798449612403,0.999909974792942,0.999909974792942,0.0193798449612403,0.454545454545304,0.996217953509231,0.996217953509231,0.454545454545304,0.509644909877091,0.509644909877091,74.4030000000002
0.45,19,101,0.996200222542582,0.996099004573581,0.00387596899224806,0.00387596899224806,0.00387596899224806,0.999939983195295,0.999939983195295,0.00387596899224806,0.199999999999903,0.996158502862439,0.996158502862439,0.199999999999903,0.501907976093771,0.501907976093771,88.7840000000015
0.45,19,121,0.996218489050939,0.996084058230951,0.0116279069767442,0.0116279069767442,0.0116279069767442,0.999894970591766,0.999894970591766,0.0116279069767442,0.299999999999983,0.996188112891653,0.996188112891653,0.299999999999983,0.505761438784255,0.505761438784255,111.035
0.45,19,141,0.996200222542582,0.996099004573581,0.0155038759689922,0.0155038759689922,0.0155038759689922,0.999894970591766,0.999894970591766,0.0155038759689922,0.363636363636345,0.996203004708872,0.996203004708872,0.363636363636345,0.507699423280379,0.507699423280379,126.541000000001
0.45,19,161,0.996218490719418,0.996099004573581,0.0116279069767442,0.0116279069767442,0.0116279069767442,0.999909974792942,0.999909974792942,0.0116279069767442,0.333333333333198,0.996188169873088,0.996188169873088,0.333333333333198,0.505768940884843,0.505768940884843,147.450000000001
0.45,19,181,0.996218489050634,0.996099004573581,0.0116279069767442,0.0116279069767442,0.0116279069767442,0.999909974792942,0.999909974792942,0.0116279069767442,0.333333333333198,0.996188169873088,0.996188169873088,0.333333333333198,0.505768940884843,0.505768940884843,162.115999999998
0.45,19,201,0.996200220873798,0.996084058230951,0.00387596899224806,0.00387596899224806,0.00387596899224806,0.999924978994118,0.999924978994118,0.00387596899224806,0.166666666666685,0.996158445440957,0.996158445440957,0.166666666666685,0.501900473993183,0.501900473993183,173.344000000001
0.45,22,1,0.993075109256813,0.992749723443059,0.0706319702602231,0.0706319702602231,0.0706319702602231,0.996472795497186,0.996472795497186,0.0706319702602231,0.0748031496062985,0.99624849939976,0.99624849939976,0.0748031496062985,0.533552382878704,0.533552382878704,3.66999999999825
0.45,22,21,0.996400509921428,0.996038508685383,0.0446096654275093,0.0446096654275093,0.0446096654275093,0.999879924953096,0.999879924953096,0.0446096654275093,0.599999999999897,0.996156951879654,0.996156951879654,0.599999999999897,0.522244795190302,0.522244795190302,21.3899999999994
0.45,22,41,0.996400508252035,0.996023559661554,0.0371747211895911,0.0371747211895911,0.0371747211895911,0.999894934333959,0.999894934333959,0.0371747211895911,0.588235294117608,0.996127218625237,0.996127218625237,0.588235294117608,0.518534827761775,0.518534827761775,38.7060000000019
0.45,22,61,0.996437049612363,0.996098304780698,0.0446096654275093,0.0446096654275093,0.0446096654275093,0.999939962476548,0.999939962476548,0.0446096654275093,0.74999999999992,0.996157181733903,0.996157181733903,0.74999999999992,0.522274813952029,0.522274813952029,56.1450000000004
0.45,22,81,0.996437049612363,0.99606840673304,0.0446096654275093,0.0446096654275093,0.0446096654275093,0.999909943714822,0.999909943714822,0.0446096654275093,0.666666666666709,0.996157066810216,0.996157066810216,0.666666666666709,0.522259804571165,0.522259804571165,73.3280000000013
0.45,22,101,0.996437047943274,0.99606840673304,0.0446096654275093,0.0446096654275093,0.0446096654275093,0.999909943714822,0.999909943714822,0.0446096654275093,0.666666666666709,0.996157066810216,0.996157066810216,0.666666666666709,0.522259804571165,0.522259804571165,90.9439999999995
0.45,22,121,0.996418778097654,0.996098304780698,0.0520446096654275,0.0520446096654275,0.0520446096654275,0.999909943714822,0.999909943714822,0.0520446096654275,0.70000000000004,0.996186858868918,0.996186858868918,0.70000000000004,0.525977276690125,0.525977276690125,107.955000000002
0.45,22,141,0.996437047943274,0.996113253804527,0.0520446096654275,0.0520446096654275,0.0520446096654275,0.999924953095685,0.999924953095685,0.0520446096654275,0.73684210526329,0.99618691588785,0.99618691588785,0.73684210526329,0.525984781380556,0.525984781380556,126.024999999998
0.45,22,161,0.996437047943274,0.996098304780698,0.0483271375464684,0.0483271375464684,0.0483271375464684,0.999924953095685,0.999924953095685,0.0483271375464684,0.722222222222359,0.996172019857647,0.996172019857647,0.722222222222359,0.524126045321077,0.524126045321077,145.25
0.45,22,181,0.996400504913552,0.996113253804527,0.0520446096654275,0.0520446096654275,0.0520446096654275,0.999924953095685,0.999924953095685,0.0520446096654275,0.73684210526329,0.99618691588785,0.99618691588785,0.73684210526329,0.525984781380556,0.525984781380556,161.93
0.45,22,201,0.996400504913552,0.996098304780698,0.0520446096654275,0.0520446096654275,0.0520446096654275,0.999909943714822,0.999909943714822,0.0520446096654275,0.70000000000004,0.996186858868918,0.996186858868918,0.70000000000004,0.525977276690125,0.525977276690125,179.389999999999
0.55,1,1,0.993078498711803,0.991960680418775,0.0233644859813084,0.0233644859813084,0.0233644859813084,0.995762789588569,0.995762789588569,0.0233644859813084,0.021186440677966,0.996164785760162,0.996164785760162,0.021186440677966,0.509563637784939,0.509563637784939,4.79899999999907
0.55,1,21,0.996247740485697,0.996089967294586,0.0327102803738318,0.0327102803738318,0.0327102803738318,0.999871599684502,0.999871599684502,0.0327102803738318,0.500000000000077,0.996216897856242,0.996216897856242,0.500000000000077,0.516290940029167,0.516290940029167,26.7170000000006
0.55,1,41,0.996262688168639,0.996144780837185,0.0420560747663551,0.0420560747663551,0.0420560747663551,0.999889942586716,0.999889942586716,0.0420560747663551,0.599999999999936,0.996253381095109,0.996253381095109,0.599999999999936,0.520973008676536,0.520973008676536,52.979000000003
0.55,1,61,0.996262687051222,0.996144780837185,0.0467289719626168,0.0467289719626168,0.0467289719626168,0.999871599684502,0.999871599684502,0.0467289719626168,0.588235294117722,0.99627152100011,0.99627152100011,0.588235294117722,0.523300285823559,0.523300285823559,75.643
0.55,1,81,0.996247738250864,0.996181323198918,0.0420560747663551,0.0420560747663551,0.0420560747663551,0.999926628391144,0.999926628391144,0.0420560747663551,0.69230769230785,0.99625351803794,0.99625351803794,0.69230769230785,0.52099135157875,0.52099135157875,101.385000000002
0.55,1,101,0.996277636968998,0.996144780837185,0.0373831775700935,0.0373831775700935,0.0373831775700935,0.99990828548893,0.99990828548893,0.0373831775700935,0.615384615384647,0.996235242516174,0.996235242516174,0.615384615384647,0.518645731529512,0.518645731529512,124.98
0.55,1,121,0.996277636968998,0.996181323198918,0.0373831775700935,0.0373831775700935,0.0373831775700935,0.999944971293358,0.999944971293358,0.0373831775700935,0.727272727272674,0.996235380116959,0.996235380116959,0.727272727272674,0.518664074431726,0.518664074431726,149.303
0.55,1,141,0.996277636968998,0.996163052018052,0.0373831775700935,0.0373831775700935,0.0373831775700935,0.999926628391144,0.999926628391144,0.0373831775700935,0.666666666666831,0.996235311317824,0.996235311317824,0.666666666666831,0.518654902980619,0.518654902980619,172.942999999999
0.55,1,161,0.996277636968998,0.996199594379785,0.0373831775700935,0.0373831775700935,0.0373831775700935,0.999963314195572,0.999963314195572,0.0373831775700935,0.800000000000119,0.99623544891358,0.99623544891358,0.800000000000119,0.518673245882833,0.518673245882833,193.754000000001
0.55,1,181,0.99624773936828,0.996199594379785,0.0373831775700935,0.0373831775700935,0.0373831775700935,0.999963314195572,0.999963314195572,0.0373831775700935,0.800000000000119,0.99623544891358,0.99623544891358,0.800000000000119,0.518673245882833,0.518673245882833,219.459999999999
0.55,1,201,0.996292586886773,0.996217865560651,0.0420560747663551,0.0420560747663551,0.0420560747663551,0.999963314195572,0.999963314195572,0.0420560747663551,0.818181818181928,0.99625365497076,0.99625365497076,0.818181818181928,0.521009694480964,0.521009694480964,243.225000000002
0.55,4,1,0.992689597463433,0.991722852600998,0.033175355450237,0.033175355450237,0.033175355450237,0.995432701126233,0.995432701126233,0.033175355450237,0.0273437499999998,0.99625502542544,0.99625502542544,0.0273437499999998,0.514304028288235,0.514304028288235,4.71299999999974
0.55,4,21,0.99615793369869,0.996016737013284,0.018957345971564,0.018957345971564,0.018957345971564,0.999798231776661,0.999798231776661,0.018957345971564,0.266666666666686,0.996216690426582,0.996216690426582,0.266666666666686,0.509377788874112,0.509377788874112,28.9860000000008
0.55,4,41,0.996217737839959,0.996016737013284,0.014218009478673,0.014218009478673,0.014218009478673,0.999816574342419,0.999816574342419,0.014218009478673,0.230769230769209,0.996198552525769,0.996198552525769,0.230769230769209,0.507017291910546,0.507017291910546,53.3089999999975
0.55,4,61,0.996262584241036,0.996089824407535,0.014218009478673,0.014218009478673,0.014218009478673,0.999889944605451,0.999889944605451,0.014218009478673,0.333333333333396,0.996198830409357,0.996198830409357,0.333333333333396,0.507053977042062,0.507053977042062,77.1679999999978
0.55,4,81,0.99624763208826,0.996071552558972,0.018957345971564,0.018957345971564,0.018957345971564,0.999853259473935,0.999853259473935,0.018957345971564,0.33333333333334,0.996216897856242,0.996216897856242,0.33333333333334,0.50940530272275,0.50940530272275,101.953999999998
0.55,4,101,0.996217731135125,0.996108096256098,0.018957345971564,0.018957345971564,0.018957345971564,0.999889944605451,0.999889944605451,0.018957345971564,0.400000000000068,0.996217036130046,0.996217036130046,0.400000000000068,0.509423645288508,0.509423645288508,126.833999999999
0.55,4,121,0.996202782334766,0.996089824407535,0.018957345971564,0.018957345971564,0.018957345971564,0.999871602039693,0.999871602039693,0.018957345971564,0.363636363636296,0.996216966994408,0.996216966994408,0.363636363636296,0.509414474005629,0.509414474005629,151.168000000001
0.55,4,141,0.996202782334766,0.996108096256098,0.018957345971564,0.018957345971564,0.018957345971564,0.999889944605451,0.999889944605451,0.018957345971564,0.400000000000068,0.996217036130046,0.996217036130046,0.400000000000068,0.509423645288508,0.509423645288508,176.526999999998
0.55,4,161,0.996187833534408,0.996089824407535,0.018957345971564,0.018957345971564,0.018957345971564,0.999871602039693,0.999871602039693,0.018957345971564,0.363636363636296,0.996216966994408,0.996216966994408,0.363636363636296,0.509414474005629,0.509414474005629,200.190999999999
0.55,4,181,0.996187833534408,0.996071552558972,0.018957345971564,0.018957345971564,0.018957345971564,0.999853259473935,0.999853259473935,0.018957345971564,0.33333333333334,0.996216897856242,0.996216897856242,0.33333333333334,0.50940530272275,0.50940530272275,225.026000000002
0.55,4,201,0.996187833534408,0.996071552558972,0.018957345971564,0.018957345971564,0.018957345971564,0.999853259473935,0.999853259473935,0.018957345971564,0.33333333333334,0.996216897856242,0.996216897856242,0.33333333333334,0.50940530272275,0.50940530272275,246.696
0.55,7,1,0.992883515024061,0.992069583013558,0.0535714285714286,0.0535714285714286,0.0535714285714286,0.995926754981469,0.995926754981469,0.0535714285714286,0.051282051282051,0.996109520663584,0.996109520663584,0.051282051282051,0.524749091776449,0.524749091776449,4.71900000000096
0.55,7,21,0.996396912228455,0.995888608705186,0.0446428571428571,0.0446428571428571,0.0446428571428571,0.999798172544127,0.999798172544127,0.0446428571428571,0.476190476190499,0.996088108947994,0.996088108947994,0.476190476190499,0.522220514843492,0.522220514843492,26.6860000000015
0.55,7,41,0.996426814299173,0.995943427255783,0.03125,0.03125,0.03125,0.99990826024733,0.99990826024733,0.03125,0.583333333333329,0.996033921848156,0.996033921848156,0.583333333333329,0.515579130123665,0.515579130123665,48.3240000000005
0.55,7,61,0.996367010157736,0.995979972956182,0.0357142857142857,0.0357142857142857,0.0357142857142857,0.999926608197864,0.999926608197864,0.0357142857142857,0.666666666666596,0.996052198705998,0.996052198705998,0.666666666666596,0.517820446956075,0.517820446956075,70.1419999999998
0.55,7,81,0.996367010157736,0.995961700105983,0.03125,0.03125,0.03125,0.999926608197864,0.999926608197864,0.03125,0.636363636363562,0.996033994334278,0.996033994334278,0.636363636363562,0.515588304098932,0.515588304098932,90.6569999999992
0.55,7,101,0.996396912228455,0.99601651865658,0.03125,0.03125,0.03125,0.999981652049466,0.999981652049466,0.03125,0.87500000000013,0.996034211776746,0.996034211776746,0.87500000000013,0.515615826024733,0.515615826024733,115.984
0.55,7,121,0.996381961193095,0.99601651865658,0.03125,0.03125,0.03125,0.999981652049466,0.999981652049466,0.03125,0.87500000000013,0.996034211776746,0.996034211776746,0.87500000000013,0.515615826024733,0.515615826024733,137.584999999999
0.55,7,141,0.996381958958095,0.99601651865658,0.0446428571428571,0.0446428571428571,0.0446428571428571,0.999926608197864,0.999926608197864,0.0446428571428571,0.714285714285649,0.996088609445825,0.996088609445825,0.714285714285649,0.522284732670361,0.522284732670361,169.012999999999
0.55,7,161,0.996367010157736,0.995943427255783,0.0133928571428571,0.0133928571428571,0.0133928571428571,0.999981652049466,0.999981652049466,0.0133928571428571,0.750000000000224,0.995961404919411,0.995961404919411,0.750000000000224,0.506687254596162,0.506687254596162,188.892
0.55,7,181,0.996367010157736,0.99601651865658,0.03125,0.03125,0.03125,0.999981652049466,0.999981652049466,0.03125,0.87500000000013,0.996034211776746,0.996034211776746,0.87500000000013,0.515615826024733,0.515615826024733,199.468999999997
0.55,7,201,0.996367005687735,0.996053064356978,0.0491071428571429,0.0491071428571429,0.0491071428571429,0.999944956148398,0.999944956148398,0.0491071428571429,0.785714285714147,0.99610688697178,0.99610688697178,0.785714285714147,0.52452604950277,0.52452604950277,234.695
0.55,10,1,0.992927724352268,0.992507583787142,0.0181818181818182,0.0181818181818182,0.0181818181818182,0.996440497596419,0.996440497596419,0.0181818181818182,0.0202020202020203,0.996038441787103,0.996038441787103,0.0202020202020203,0.507311157889118,0.507311157889118,4.71799999999712
0.55,10,21,0.996291921916251,0.995979679105296,0.0181818181818182,0.0181818181818182,0.0181818181818182,0.999926608197864,0.999926608197864,0.0181818181818182,0.49999999999992,0.996052198705998,0.996052198705998,0.49999999999992,0.509054213189841,0.509054213189841,27.768
0.55,10,41,0.996291921916251,0.995979679105296,0.0136363636363636,0.0136363636363636,0.0136363636363636,0.999944956148398,0.999944956148398,0.0136363636363636,0.499999999999794,0.99603406681775,0.99603406681775,0.499999999999794,0.506790659892381,0.506790659892381,51.0659999999989
0.55,10,61,0.99632182510472,0.996016227477066,0.0409090909090909,0.0409090909090909,0.0409090909090909,0.999871564346263,0.999871564346263,0.0409090909090909,0.562500000000081,0.996143019047271,0.996143019047271,0.562500000000081,0.520390327627677,0.520390327627677,75.6179999999986
0.55,10,81,0.99633677725783,0.996034501662951,0.05,0.05,0.05,0.999853216395729,0.999853216395729,0.05,0.578947368420974,0.996179368590388,0.996179368590388,0.578947368420974,0.524926608197864,0.524926608197864,99.4650000000001
0.55,10,101,0.996291921916251,0.995943130733526,0,0,0,0.999963304098932,0.999963304098932,0,0,0.995979532163743,0.995979532163743,0,0.499981652049466,0.499981652049466,115.638999999999
0.55,10,121,0.99633677725783,0.996107598406491,0.0636363636363636,0.0636363636363636,0.0636363636363636,0.999871564346263,0.999871564346263,0.0636363636363636,0.66666666666674,0.996234072503245,0.996234072503245,0.66666666666674,0.531753963991313,0.531753963991313,147.220000000001
0.55,10,141,0.99635172941094,0.996052775848836,0.05,0.05,0.05,0.999871564346263,0.999871564346263,0.05,0.611111111111189,0.99617943843229,0.99617943843229,0.611111111111189,0.524935782173131,0.524935782173131,170.489999999998
0.55,10,161,0.996336778375581,0.996071050034721,0.05,0.05,0.05,0.999889912296796,0.999889912296796,0.05,0.647058823529454,0.996179508271639,0.996179508271639,0.647058823529454,0.524944956148398,0.524944956148398,193.334999999999
0.55,10,181,0.996336778375581,0.996034501662951,0.0454545454545455,0.0454545454545455,0.0454545454545455,0.999871564346263,0.999871564346263,0.0454545454545455,0.588235294117727,0.99616122840691,0.99616122840691,0.588235294117727,0.522663054900404,0.522663054900404,219.206999999999
0.55,10,201,0.99635172941094,0.996034501662951,0.0454545454545455,0.0454545454545455,0.0454545454545455,0.999871564346263,0.999871564346263,0.0454545454545455,0.588235294117727,0.99616122840691,0.99616122840691,0.588235294117727,0.522663054900404,0.522663054900404,241.299999999999
0.55,13,1,0.992388666512315,0.992689524088018,0,0,0,0.996404461402994,0.996404461402994,0,0,0.996258253851797,0.996258253851797,0,0.498202230701497,0.498202230701497,4.78000000000247
0.55,13,21,0.996142002397818,0.996253381095109,0.0245098039215686,0.0245098039215686,0.0245098039215686,0.999889932491928,0.999889932491928,0.0245098039215686,0.454545454545422,0.996362306918929,0.996362306918929,0.454545454545422,0.512199868206748,0.512199868206748,27.4490000000005
0.55,13,41,0.996097144820737,0.996271657284889,0.0245098039215686,0.0245098039215686,0.0245098039215686,0.999908277076607,0.999908277076607,0.0245098039215686,0.500000000000068,0.996362373414251,0.996362373414251,0.500000000000068,0.512209040499088,0.512209040499088,49.3069999999971
0.55,13,61,0.996097142584567,0.996289933474669,0.0245098039215686,0.0245098039215686,0.0245098039215686,0.999926621661286,0.999926621661286,0.0245098039215686,0.555555555555398,0.996362439907142,0.996362439907142,0.555555555555398,0.512218212791427,0.512218212791427,72.1889999999985
0.55,13,81,0.996097142584567,0.996289933474669,0.0196078431372549,0.0196078431372549,0.0196078431372549,0.999944966245964,0.999944966245964,0.0196078431372549,0.571428571428539,0.996344294357418,0.996344294357418,0.571428571428539,0.50977640469161,0.50977640469161,96.0410000000011
0.55,13,101,0.996097143702485,0.996271657284889,0.0343137254901961,0.0343137254901961,0.0343137254901961,0.99987158790725,0.99987158790725,0.0343137254901961,0.499999999999895,0.996398669152865,0.996398669152865,0.499999999999895,0.517092656698723,0.517092656698723,125.110000000001
0.55,13,121,0.99611209697368,0.996326485854229,0.0196078431372549,0.0196078431372549,0.0196078431372549,0.999981655415321,0.999981655415321,0.0196078431372549,0.799999999999656,0.99634442799437,0.99634442799437,0.799999999999656,0.509794749276288,0.509794749276288,140.458000000002
0.55,13,141,0.996112098091598,0.996308209664449,0.0294117647058824,0.0294117647058824,0.0294117647058824,0.999926621661286,0.999926621661286,0.0294117647058824,0.599999999999847,0.996380652944832,0.996380652944832,0.599999999999847,0.514669193183584,0.514669193183584,176.327999999998
0.55,13,161,0.996127050244708,0.996308209664449,0.0196078431372549,0.0196078431372549,0.0196078431372549,0.999963310830643,0.999963310830643,0.0196078431372549,0.666666666666861,0.996344361177116,0.996344361177116,0.666666666666861,0.509785576983949,0.509785576983949,184.799999999999
0.55,13,181,0.996127050244708,0.996308209664449,0.0196078431372549,0.0196078431372549,0.0196078431372549,0.999963310830643,0.999963310830643,0.0196078431372549,0.666666666666861,0.996344361177116,0.996344361177116,0.666666666666861,0.509785576983949,0.509785576983949,208.879000000001
0.55,13,201,0.996127050244708,0.996326485854229,0.0196078431372549,0.0196078431372549,0.0196078431372549,0.999981655415321,0.999981655415321,0.0196078431372549,0.799999999999656,0.99634442799437,0.99634442799437,0.799999999999656,0.509794749276288,0.509794749276288,232.231
0.55,16,1,0.992432526673644,0.992889652525179,0.023696682464455,0.023696682464455,0.023696682464455,0.996642078608389,0.996642078608389,0.023696682464455,0.0265957446808508,0.996221639368317,0.996221639368317,0.0265957446808508,0.510169380536422,0.510169380536422,4.89800000000105
0.55,16,21,0.996186347849917,0.996161509075289,0.018957345971564,0.018957345971564,0.018957345971564,0.999944952108334,0.999944952108334,0.018957345971564,0.571428571428472,0.996215860480421,0.996215860480421,0.571428571428472,0.509451149039949,0.509451149039949,28.6549999999988
0.55,16,41,0.996186343376573,0.996198066131715,0.023696682464455,0.023696682464455,0.023696682464455,0.999963301405556,0.999963301405556,0.023696682464455,0.714285714285426,0.996234141347666,0.996234141347666,0.714285714285426,0.511829991935006,0.511829991935006,50.351999999999
0.55,16,61,0.99617138898746,0.996216344659928,0.028436018957346,0.028436018957346,0.028436018957346,0.999963301405556,0.999963301405556,0.028436018957346,0.749999999999735,0.996252353704685,0.996252353704685,0.749999999999735,0.514199660181451,0.514199660181451,74.3160000000025
0.55,16,81,0.996156434598514,0.996161509075289,0.018957345971564,0.018957345971564,0.018957345971564,0.999944952108334,0.999944952108334,0.018957345971564,0.571428571428472,0.996215860480421,0.996215860480421,0.571428571428472,0.509451149039949,0.509451149039949,100.216
0.55,16,101,0.996171390105712,0.996198066131715,0.023696682464455,0.023696682464455,0.023696682464455,0.999963301405556,0.999963301405556,0.023696682464455,0.714285714285426,0.996234141347666,0.996234141347666,0.714285714285426,0.511829991935006,0.511829991935006,119.096000000001
0.55,16,121,0.996201300002359,0.996161509075289,0.028436018957346,0.028436018957346,0.028436018957346,0.99990825351389,0.99990825351389,0.028436018957346,0.545454545454645,0.996252148158982,0.996252148158982,0.545454545454645,0.514172136235618,0.514172136235618,150.580999999998
0.55,16,141,0.996201300002359,0.996161509075289,0.023696682464455,0.023696682464455,0.023696682464455,0.999926602811112,0.999926602811112,0.023696682464455,0.55555555555558,0.996234003656307,0.996234003656307,0.55555555555558,0.511811642637784,0.511811642637784,177.008999999998
0.55,16,161,0.996171391224132,0.996161509075289,0.014218009478673,0.014218009478673,0.014218009478673,0.999963301405556,0.999963301405556,0.014218009478673,0.599999999999661,0.996197718631179,0.996197718631179,0.599999999999661,0.507090655442115,0.507090655442115,195.259999999998
0.55,16,181,0.99617139010588,0.996161509075289,0.023696682464455,0.023696682464455,0.023696682464455,0.999926602811112,0.999926602811112,0.023696682464455,0.55555555555558,0.996234003656307,0.996234003656307,0.55555555555558,0.511811642637784,0.511811642637784,222.148999999998
0.55,16,201,0.99617138898746,0.996161509075289,0.023696682464455,0.023696682464455,0.023696682464455,0.999926602811112,0.999926602811112,0.023696682464455,0.55555555555558,0.996234003656307,0.996234003656307,0.55555555555558,0.511811642637784,0.511811642637784,251.052000000003
0.55,19,1,0.992790356010859,0.992340036563071,0.0688073394495413,0.0688073394495413,0.0688073394495413,0.996035387834514,0.996035387834514,0.0688073394495413,0.0649350649350653,0.996273109475114,0.996273109475114,0.0649350649350653,0.532421363642028,0.532421363642028,4.85599999999977
0.55,19,21,0.996275522761556,0.99599634369287,0.00458715596330275,0.00458715596330275,0.00458715596330275,0.999963290628097,0.999963290628097,0.00458715596330275,0.333333333333017,0.996032689178566,0.996032689178566,0.333333333333017,0.5022752232957,0.5022752232957,26.9989999999998
0.55,19,41,0.996245607272811,0.996051188299817,0.0137614678899083,0.0137614678899083,0.0137614678899083,0.999981645314049,0.999981645314049,0.0137614678899083,0.749999999999733,0.996069182389937,0.996069182389937,0.749999999999733,0.506871556601978,0.506871556601978,50.211000000003
0.55,19,61,0.996260565017183,0.996014625228519,0.00458715596330275,0.00458715596330275,0.00458715596330275,0.999981645314049,0.999981645314049,0.00458715596330275,0.499999999999644,0.996032761709752,0.996032761709752,0.499999999999644,0.502284400638676,0.502284400638676,71.0360000000001
0.55,19,81,0.996260565017183,0.996032906764168,0.00917431192660551,0.00917431192660551,0.00917431192660551,0.999981645314049,0.999981645314049,0.00917431192660551,0.666666666666351,0.996050971716913,0.996050971716913,0.666666666666351,0.504577978620327,0.504577978620327,92.8769999999968
0.55,19,101,0.996260565017183,0.996014625228519,0.00458715596330275,0.00458715596330275,0.00458715596330275,0.999981645314049,0.999981645314049,0.00458715596330275,0.499999999999644,0.996032761709752,0.996032761709752,0.499999999999644,0.502284400638676,0.502284400638676,122.200000000001
0.55,19,121,0.996245607272811,0.996032906764168,0.00458715596330275,0.00458715596330275,0.00458715596330275,1,1,0.00458715596330275,1,0.996032834238286,0.996032834238286,1,0.502293577981651,0.502293577981651,130.115999999998
0.55,19,141,0.996245607272811,0.996032906764168,0.00458715596330275,0.00458715596330275,0.00458715596330275,1,1,0.00458715596330275,1,0.996032834238286,0.996032834238286,1,0.502293577981651,0.502293577981651,152.317999999999
0.55,19,161,0.996245607272811,0.996014625228519,0,0,0,1,1,0,NA,0.996014625228519,0.996014625228519,NA,0.5,0.5,172.766
0.55,19,181,0.996260563898596,0.996087751371115,0.0275229357798165,0.0275229357798165,0.0275229357798165,0.999963290628097,0.999963290628097,0.0275229357798165,0.749999999999733,0.996123747531632,0.996123747531632,0.749999999999733,0.513743113203957,0.513743113203957,204.735000000001
0.55,19,201,0.996260563898596,0.996069469835466,0.0229357798165138,0.0229357798165138,0.0229357798165138,0.999963290628097,0.999963290628097,0.0229357798165138,0.714285714285424,0.996105534529099,0.996105534529099,0.714285714285424,0.511449535222306,0.511449535222306,227.629000000001
0.55,22,1,0.992564672920542,0.992594624245749,0.0269058295964126,0.0269058295964126,0.0269058295964126,0.996548368737033,0.996548368737033,0.0269058295964126,0.0309278350515466,0.99601805637111,0.99601805637111,0.0309278350515466,0.511727099166723,0.511727099166723,4.67000000000189
0.55,22,21,0.996334695838397,0.995940756993966,0.00896860986547085,0.00896860986547085,0.00896860986547085,0.99998164025924,0.99998164025924,0.00896860986547085,0.666666666666475,0.995958820194927,0.995958820194927,0.666666666666475,0.504475125062355,0.504475125062355,27.0110000000022
0.55,22,41,0.99631974033237,0.995940756993966,0.00896860986547085,0.00896860986547085,0.00896860986547085,0.99998164025924,0.99998164025924,0.00896860986547085,0.666666666666475,0.995958820194927,0.995958820194927,0.666666666666475,0.504475125062355,0.504475125062355,52.1969999999965
0.55,22,61,0.996334694719308,0.995995611629183,0.0403587443946188,0.0403587443946188,0.0403587443946188,0.999908201296198,0.999908201296198,0.0403587443946188,0.642857142857222,0.99608603409174,0.99608603409174,0.642857142857222,0.520133472845408,0.520133472845408,76.9290000000001
0.55,22,81,0.996319735856181,0.995995611629183,0.0403587443946188,0.0403587443946188,0.0403587443946188,0.999908201296198,0.999908201296198,0.0403587443946188,0.642857142857222,0.99608603409174,0.99608603409174,0.642857142857222,0.520133472845408,0.520133472845408,100.199000000001
0.55,22,101,0.996304776993222,0.995940756993966,0.00896860986547085,0.00896860986547085,0.00896860986547085,0.99998164025924,0.99998164025924,0.00896860986547085,0.666666666666475,0.995958820194927,0.995958820194927,0.666666666666475,0.504475125062355,0.504475125062355,122.228000000003
0.55,22,121,0.996304776993222,0.995940756993966,0.00896860986547085,0.00896860986547085,0.00896860986547085,0.99998164025924,0.99998164025924,0.00896860986547085,0.666666666666475,0.995958820194927,0.995958820194927,0.666666666666475,0.504475125062355,0.504475125062355,144.537
0.55,22,141,0.996304776993222,0.99592247211556,0.00448430493273543,0.00448430493273543,0.00448430493273543,0.99998164025924,0.99998164025924,0.00448430493273543,0.499999999999784,0.995940608543008,0.995940608543008,0.499999999999784,0.502232972595987,0.502232972595987,167.607
0.55,22,161,0.996304776993222,0.99592247211556,0.00448430493273543,0.00448430493273543,0.00448430493273543,0.99998164025924,0.99998164025924,0.00448430493273543,0.499999999999784,0.995940608543008,0.995940608543008,0.499999999999784,0.502232972595987,0.502232972595987,193.150999999998
0.55,22,181,0.996304776993222,0.99592247211556,0.00448430493273543,0.00448430493273543,0.00448430493273543,0.99998164025924,0.99998164025924,0.00448430493273543,0.499999999999784,0.995940608543008,0.995940608543008,0.499999999999784,0.502232972595987,0.502232972595987,214.077000000001
0.55,22,201,0.996319738094359,0.995904187237155,0.00896860986547085,0.00896860986547085,0.00896860986547085,0.999944920777719,0.999944920777719,0.00896860986547085,0.399999999999793,0.995958672396452,0.995958672396452,0.399999999999793,0.504456765321595,0.504456765321595,231.079000000002
0.65,1,1,0.993024952696943,0.992265557044455,0.0178571428571429,0.0178571428571429,0.0178571428571429,0.996129245438882,0.996129245438882,0.0178571428571429,0.0179640718562872,0.996105735189993,0.996105735189993,0.0179640718562872,0.506993194148012,0.506993194148012,5.56100000000151
0.65,1,21,0.996202339350333,0.99605049721419,0.00595238095238095,0.00595238095238095,0.00595238095238095,0.999976397838042,0.999976397838042,0.00595238095238095,0.499999999999638,0.996073821558716,0.996073821558716,0.499999999999638,0.502964389395211,0.502964389395211,33.8509999999987
0.65,1,41,0.996214996776876,0.996238568775419,0.0595238095238095,0.0595238095238095,0.0595238095238095,0.999952795676084,0.999952795676084,0.0595238095238095,0.833333333333459,0.996284538506761,0.996284538506761,0.833333333333459,0.529738302599947,0.529738302599947,67.5519999999997
0.65,1,61,0.996227655004724,0.996191550885112,0.0535714285714286,0.0535714285714286,0.0535714285714286,0.999929193514126,0.999929193514126,0.0535714285714286,0.750000000000023,0.99626102292769,0.99626102292769,0.750000000000023,0.526750311042777,0.526750311042777,97.8859999999986
0.65,1,81,0.996214995975671,0.996144532994805,0.0416666666666667,0.0416666666666667,0.0416666666666667,0.999929193514126,0.999929193514126,0.0416666666666667,0.700000000000025,0.996214169821525,0.996214169821525,0.700000000000025,0.520797930090396,0.520797930090396,127.353999999999
0.65,1,101,0.996227655004724,0.996121024049651,0.0357142857142857,0.0357142857142857,0.0357142857142857,0.999929193514126,0.999929193514126,0.0357142857142857,0.666666666666693,0.996190744920993,0.996190744920993,0.666666666666693,0.517821739614206,0.517821739614206,161.003999999997
0.65,1,121,0.996214996776977,0.99605049721419,0.00595238095238095,0.00595238095238095,0.00595238095238095,0.999976397838042,0.999976397838042,0.00595238095238095,0.499999999999638,0.996073821558716,0.996073821558716,0.499999999999638,0.502964389395211,0.502964389395211,188.805
0.65,1,141,0.996214996776977,0.99605049721419,0.00595238095238095,0.00595238095238095,0.00595238095238095,0.999976397838042,0.999976397838042,0.00595238095238095,0.499999999999638,0.996073821558716,0.996073821558716,0.499999999999638,0.502964389395211,0.502964389395211,219.483
0.65,1,161,0.996214996776977,0.996074006159344,0.0119047619047619,0.0119047619047619,0.0119047619047619,0.999976397838042,0.999976397838042,0.0119047619047619,0.666666666666345,0.996097239855175,0.996097239855175,0.666666666666345,0.505940579871402,0.505940579871402,249.768
0.65,1,181,0.996214996776977,0.99605049721419,0.00595238095238095,0.00595238095238095,0.00595238095238095,0.999976397838042,0.999976397838042,0.00595238095238095,0.499999999999638,0.996073821558716,0.996073821558716,0.499999999999638,0.502964389395211,0.502964389395211,278.731
0.65,1,201,0.996202338549129,0.99605049721419,0.00595238095238095,0.00595238095238095,0.00595238095238095,0.999976397838042,0.999976397838042,0.00595238095238095,0.499999999999638,0.996073821558716,0.996073821558716,0.499999999999638,0.502964389395211,0.502964389395211,310.241999999998
0.65,4,1,0.992493007465021,0.992594508181305,0.0509554140127389,0.0509554140127389,0.0509554140127389,0.996082965619765,0.996082965619765,0.0509554140127389,0.0459770114942529,0.996482696756527,0.996482696756527,0.0459770114942529,0.523519189816252,0.523519189816252,5.5470000000023
0.65,4,21,0.996126241754553,0.996379537333083,0.0573248407643312,0.0573248407643312,0.0573248407643312,0.999858420444088,0.999858420444088,0.0573248407643312,0.60000000000005,0.996519366901061,0.996519366901061,0.60000000000005,0.52859163060421,0.52859163060421,37.9020000000019
0.65,4,41,0.996113581924195,0.996473575324431,0.0573248407643312,0.0573248407643312,0.0573248407643312,0.999952806814696,0.999952806814696,0.0573248407643312,0.818181818181966,0.996519694297472,0.996519694297472,0.818181818181966,0.528638823789514,0.528638823789514,69.3940000000002
0.65,4,61,0.996100922895143,0.996520594320105,0.0636942675159236,0.0636942675159236,0.0636942675159236,0.999976403407348,0.999976403407348,0.0636942675159236,0.909090909090797,0.996543209876543,0.996543209876543,0.909090909090797,0.531835335461636,0.531835335461636,101.348000000002
0.65,4,81,0.996088263064784,0.996520594320105,0.0636942675159236,0.0636942675159236,0.0636942675159236,0.999976403407348,0.999976403407348,0.0636942675159236,0.909090909090797,0.996543209876543,0.996543209876543,0.909090909090797,0.531835335461636,0.531835335461636,132.253000000001
0.65,4,101,0.996113580321583,0.996450065826594,0.0445859872611465,0.0445859872611465,0.0445859872611465,0.999976403407348,0.999976403407348,0.0445859872611465,0.874999999999851,0.996472911963883,0.996472911963883,0.874999999999851,0.522281195334247,0.522281195334247,153.775000000001
0.65,4,121,0.996088262263478,0.996497084822268,0.0636942675159236,0.0636942675159236,0.0636942675159236,0.999952806814696,0.999952806814696,0.0636942675159236,0.833333333333471,0.99654312858621,0.99654312858621,0.833333333333471,0.53182353716531,0.53182353716531,197.240000000002
0.65,4,141,0.996088260660867,0.996473575324431,0.0509554140127389,0.0509554140127389,0.0509554140127389,0.999976403407348,0.999976403407348,0.0509554140127389,0.888888888888755,0.996496343499424,0.996496343499424,0.888888888888755,0.525465908710043,0.525465908710043,213.636999999999
0.65,4,161,0.996075603234426,0.996497084822268,0.0636942675159236,0.0636942675159236,0.0636942675159236,0.999952806814696,0.999952806814696,0.0636942675159236,0.833333333333471,0.99654312858621,0.99654312858621,0.833333333333471,0.53182353716531,0.53182353716531,257.003000000001
0.65,4,181,0.996075603234426,0.996520594320105,0.0636942675159236,0.0636942675159236,0.0636942675159236,0.999976403407348,0.999976403407348,0.0636942675159236,0.909090909090797,0.996543209876543,0.996543209876543,0.909090909090797,0.531835335461636,0.531835335461636,290.974999999999
0.65,4,201,0.996075603234426,0.996497084822268,0.0636942675159236,0.0636942675159236,0.0636942675159236,0.999952806814696,0.999952806814696,0.0636942675159236,0.833333333333471,0.99654312858621,0.99654312858621,0.833333333333471,0.53182353716531,0.53182353716531,329.197
0.65,7,1,0.993302867996934,0.993158253591329,0.0284090909090909,0.0284090909090909,0.0284090909090909,0.997166938168425,0.997166938168425,0.0284090909090909,0.0399999999999996,0.995967741935484,0.995967741935484,0.0399999999999996,0.512788014538758,0.512788014538758,5.83000000000175
0.65,7,21,0.996366583006962,0.996003103472598,0.0397727272727273,0.0397727272727273,0.0397727272727273,0.999976391151404,0.999976391151404,0.0397727272727273,0.87500000000014,0.996025867136978,0.996025867136978,0.87500000000014,0.519874559212065,0.519874559212065,32.5519999999997
0.65,7,41,0.996341263346246,0.995979592316554,0.0340909090909091,0.0340909090909091,0.0340909090909091,0.999976391151404,0.999976391151404,0.0340909090909091,0.857142857143014,0.996002445562715,0.996002445562715,0.857142857143014,0.517033650121156,0.517033650121156,60.0999999999985
0.65,7,61,0.996341263346246,0.995956081160511,0.0284090909090909,0.0284090909090909,0.0284090909090909,0.999976391151404,0.999976391151404,0.0284090909090909,0.833333333333512,0.995979025089943,0.995979025089943,0.833333333333512,0.514192741030247,0.514192741030247,88.8220000000001
0.65,7,81,0.99632860271448,0.995956081160511,0.0284090909090909,0.0284090909090909,0.0284090909090909,0.999976391151404,0.999976391151404,0.0284090909090909,0.833333333333512,0.995979025089943,0.995979025089943,0.833333333333512,0.514192741030247,0.514192741030247,116.274999999998
0.65,7,101,0.996328603515887,0.996026614628641,0.0454545454545455,0.0454545454545455,0.0454545454545455,0.999976391151404,0.999976391151404,0.0454545454545455,0.888888888889016,0.996049289812812,0.996049289812812,0.888888888889016,0.522715468302975,0.522715468302975,151.952000000001
0.65,7,121,0.996341263346246,0.995979592316554,0.0340909090909091,0.0340909090909091,0.0340909090909091,0.999976391151404,0.999976391151404,0.0340909090909091,0.857142857143014,0.996002445562715,0.996002445562715,0.857142857143014,0.517033650121156,0.517033650121156,181.412
0.65,7,141,0.996341263346246,0.995979592316554,0.0340909090909091,0.0340909090909091,0.0340909090909091,0.999976391151404,0.999976391151404,0.0340909090909091,0.857142857143014,0.996002445562715,0.996002445562715,0.857142857143014,0.517033650121156,0.517033650121156,210.579000000002
0.65,7,161,0.996341262544838,0.995956081160511,0.0284090909090909,0.0284090909090909,0.0284090909090909,0.999976391151404,0.999976391151404,0.0284090909090909,0.833333333333512,0.995979025089943,0.995979025089943,0.833333333333512,0.514192741030247,0.514192741030247,221.518000000004
0.65,7,181,0.996341262544838,0.995956081160511,0.0284090909090909,0.0284090909090909,0.0284090909090909,0.999976391151404,0.999976391151404,0.0284090909090909,0.833333333333512,0.995979025089943,0.995979025089943,0.833333333333512,0.514192741030247,0.514192741030247,254.366999999998
0.65,7,201,0.996341262544838,0.995956081160511,0.0284090909090909,0.0284090909090909,0.0284090909090909,0.999976391151404,0.999976391151404,0.0284090909090909,0.833333333333512,0.995979025089943,0.995979025089943,0.833333333333512,0.514192741030247,0.514192741030247,279.994999999995
0.65,10,1,0.993087025749093,0.992640489066541,0.0368098159509202,0.0368098159509202,0.0368098159509202,0.996317888922983,0.996317888922983,0.0368098159509202,0.0370370370370376,0.996294373111782,0.996294373111782,0.0370370370370376,0.516563852436951,0.516563852436951,5.78500000000349
0.65,10,21,0.996163683501967,0.996237949682577,0.0368098159509202,0.0368098159509202,0.0368098159509202,0.999929190171596,0.999929190171596,0.0368098159509202,0.666666666666837,0.996307706780179,0.996307706780179,0.666666666666837,0.518369503061258,0.518369503061258,36.1690000000017
0.65,10,41,0.996176344935242,0.996473077827416,0.0920245398773006,0.0920245398773006,0.0920245398773006,0.999952793447731,0.999952793447731,0.0920245398773006,0.88235294117655,0.996518711923412,0.996518711923412,0.88235294117655,0.545988666662516,0.545988666662516,63.7180000000008
0.65,10,61,0.996163684303476,0.996402539383964,0.0736196319018405,0.0736196319018405,0.0736196319018405,0.999952793447731,0.999952793447731,0.0736196319018405,0.857142857142951,0.996448395898015,0.996448395898015,0.857142857142951,0.536786212674786,0.536786212674786,93.1300000000047
0.65,10,81,0.996138363039945,0.996284975311545,0.0368098159509202,0.0368098159509202,0.0368098159509202,0.999976396723865,0.999976396723865,0.0368098159509202,0.857142857142951,0.996307880441173,0.996307880441173,0.857142857142951,0.518393106337393,0.518393106337393,127.214
0.65,10,101,0.996125701606671,0.996261462497061,0.0306748466257669,0.0306748466257669,0.0306748466257669,0.999976396723865,0.999976396723865,0.0306748466257669,0.83333333333344,0.996284451133478,0.996284451133478,0.83333333333344,0.515325621674816,0.515325621674816,158.256999999998
0.65,10,121,0.996151022870202,0.996332000940513,0.0613496932515337,0.0613496932515337,0.0613496932515337,0.999929190171596,0.999929190171596,0.0613496932515337,0.769230769230906,0.99640143942423,0.99640143942423,0.769230769230906,0.530639441711565,0.530639441711565,181.523999999998
0.65,10,141,0.996151022870202,0.996332000940513,0.0613496932515337,0.0613496932515337,0.0613496932515337,0.999929190171596,0.999929190171596,0.0613496932515337,0.769230769230906,0.99640143942423,0.99640143942423,0.769230769230906,0.530639441711565,0.530639441711565,211.753999999994
0.65,10,161,0.996138362238436,0.996284975311545,0.0368098159509202,0.0368098159509202,0.0368098159509202,0.999976396723865,0.999976396723865,0.0368098159509202,0.857142857142951,0.996307880441173,0.996307880441173,0.857142857142951,0.518393106337393,0.518393106337393,251.381999999998
0.65,10,181,0.996138362238436,0.99637902656948,0.0736196319018405,0.0736196319018405,0.0736196319018405,0.999929190171596,0.999929190171596,0.0736196319018405,0.800000000000123,0.996448312360343,0.996448312360343,0.800000000000123,0.536774411036718,0.536774411036718,265.966999999997
0.65,10,201,0.99615102367171,0.996284975311545,0.0368098159509202,0.0368098159509202,0.0368098159509202,0.999976396723865,0.999976396723865,0.0368098159509202,0.857142857142951,0.996307880441173,0.996307880441173,0.857142857142951,0.518393106337393,0.518393106337393,312.703999999998
0.65,13,1,0.992681145648194,0.992451499118166,0.0377358490566038,0.0377358490566038,0.0377358490566038,0.996034556011896,0.996034556011896,0.0377358490566038,0.0344827586206892,0.996387334419494,0.996387334419494,0.0344827586206892,0.51688520253425,0.51688520253425,5.94599999999627
0.65,13,21,0.996277259645142,0.996237507348618,0.0188679245283019,0.0188679245283019,0.0188679245283019,0.99990558466695,0.99990558466695,0.0188679245283019,0.428571428571391,0.996330965708641,0.996330965708641,0.428571428571391,0.509386754597626,0.509386754597626,36.5500000000029
0.65,13,41,0.996277260446853,0.996284538506761,0.0188679245283019,0.0188679245283019,0.0188679245283019,0.999952792333475,0.999952792333475,0.0188679245283019,0.600000000000245,0.996331138287865,0.996331138287865,0.600000000000245,0.509410358430888,0.509410358430888,67.6219999999958
0.65,13,61,0.996251935175373,0.996237507348618,0.00628930817610063,0.00628930817610063,0.00628930817610063,0.999952792333475,0.999952792333475,0.00628930817610063,0.33333333333356,0.996284276374583,0.996284276374583,0.33333333333356,0.503121050254788,0.503121050254788,97.788999999997
0.65,13,81,0.996251933572051,0.996237507348618,0.00628930817610063,0.00628930817610063,0.00628930817610063,0.999952792333475,0.999952792333475,0.00628930817610063,0.33333333333356,0.996284276374583,0.996284276374583,0.33333333333356,0.503121050254788,0.503121050254788,128.451000000001
0.65,13,101,0.996289920276704,0.996284538506761,0.0125786163522013,0.0125786163522013,0.0125786163522013,0.999976396166738,0.999976396166738,0.0125786163522013,0.666666666666894,0.996307793612718,0.996307793612718,0.666666666666894,0.506277506259469,0.506277506259469,160.843000000001
0.65,13,121,0.996289918673382,0.996308054085832,0.0188679245283019,0.0188679245283019,0.0188679245283019,0.999976396166738,0.999976396166738,0.0188679245283019,0.750000000000192,0.996331224571388,0.996331224571388,0.750000000000192,0.50942216034752,0.50942216034752,188.912000000004
0.65,13,141,0.996289919475094,0.996284538506761,0.0125786163522013,0.0125786163522013,0.0125786163522013,0.999976396166738,0.999976396166738,0.0125786163522013,0.666666666666894,0.996307793612718,0.996307793612718,0.666666666666894,0.506277506259469,0.506277506259469,218.872000000003
0.65,13,161,0.996264594203613,0.996308054085832,0.0188679245283019,0.0188679245283019,0.0188679245283019,0.999976396166738,0.999976396166738,0.0188679245283019,0.750000000000192,0.996331224571388,0.996331224571388,0.750000000000192,0.50942216034752,0.50942216034752,254.843000000001
0.65,13,181,0.996264595005325,0.996308054085832,0.0188679245283019,0.0188679245283019,0.0188679245283019,0.999976396166738,0.999976396166738,0.0188679245283019,0.750000000000192,0.996331224571388,0.996331224571388,0.750000000000192,0.50942216034752,0.50942216034752,281.423999999999
0.65,13,201,0.996264595005325,0.996284538506761,0.0125786163522013,0.0125786163522013,0.0125786163522013,0.999976396166738,0.999976396166738,0.0125786163522013,0.666666666666894,0.996307793612718,0.996307793612718,0.666666666666894,0.506277506259469,0.506277506259469,316.445
0.65,16,1,0.992312843178362,0.992333019755409,0.031055900621118,0.031055900621118,0.031055900621118,0.995986685238084,0.995986685238084,0.031055900621118,0.0285714285714285,0.99631597591215,0.99631597591215,0.0285714285714285,0.513521292929601,0.513521292929601,5.88799999999901
0.65,16,21,0.996150098491598,0.996425211665099,0.062111801242236,0.062111801242236,0.062111801242236,0.999976392266106,0.999976392266106,0.062111801242236,0.90909090909082,0.996447811051777,0.996447811051777,0.90909090909082,0.531044096754171,0.531044096754171,34.9309999999969
0.65,16,41,0.996137434653188,0.996472248353716,0.0807453416149068,0.0807453416149068,0.0807453416149068,0.999952784532213,0.999952784532213,0.0807453416149068,0.866666666666541,0.996518056699212,0.996518056699212,0.866666666666541,0.54034906307356,0.54034906307356,68.3989999999976
0.65,16,61,0.996137433049257,0.996495766698024,0.0807453416149068,0.0807453416149068,0.0807453416149068,0.999976392266106,0.999976392266106,0.0807453416149068,0.928571428571357,0.996518138615725,0.996518138615725,0.928571428571357,0.540360866940507,0.540360866940507,99.7989999999991
0.65,16,81,0.996162760726076,0.996472248353716,0.0683229813664596,0.0683229813664596,0.0683229813664596,1,1,0.0683229813664596,1,0.996471335481898,0.996471335481898,1,0.53416149068323,0.53416149068323,122.004000000001
0.65,16,101,0.996175426168417,0.996542803386642,0.093167701863354,0.093167701863354,0.093167701863354,0.999976392266106,0.999976392266106,0.093167701863354,0.937499999999937,0.996565029173725,0.996565029173725,0.937499999999937,0.54657204706473,0.54657204706473,162.396000000001
0.65,16,121,0.996175426168417,0.996519285042333,0.0869565217391304,0.0869565217391304,0.0869565217391304,0.999976392266106,0.999976392266106,0.0869565217391304,0.933333333333266,0.996541583343136,0.996541583343136,0.933333333333266,0.543466457002618,0.543466457002618,193.633999999998
0.65,16,141,0.996175426168417,0.996519285042333,0.0869565217391304,0.0869565217391304,0.0869565217391304,0.999976392266106,0.999976392266106,0.0869565217391304,0.933333333333266,0.996541583343136,0.996541583343136,0.933333333333266,0.543466457002618,0.543466457002618,225.309999999998
0.65,16,161,0.996150096887667,0.996519285042333,0.0869565217391304,0.0869565217391304,0.0869565217391304,0.999976392266106,0.999976392266106,0.0869565217391304,0.933333333333266,0.996541583343136,0.996541583343136,0.933333333333266,0.543466457002618,0.543466457002618,255.224999999999
0.65,16,181,0.996137433049257,0.996519285042333,0.0869565217391304,0.0869565217391304,0.0869565217391304,0.999976392266106,0.999976392266106,0.0869565217391304,0.933333333333266,0.996541583343136,0.996541583343136,0.933333333333266,0.543466457002618,0.543466457002618,288.043999999994
0.65,16,201,0.996150096887667,0.996519285042333,0.0869565217391304,0.0869565217391304,0.0869565217391304,0.999976392266106,0.999976392266106,0.0869565217391304,0.933333333333266,0.996541583343136,0.996541583343136,0.933333333333266,0.543466457002618,0.543466457002618,318.110000000001
0.65,19,1,0.992337027982165,0.99200244631054,0.0424242424242424,0.0424242424242424,0.0424242424242424,0.995702276376688,0.995702276376688,0.0424242424242424,0.0370370370370371,0.996266893488328,0.996266893488328,0.0370370370370371,0.519063259400465,0.519063259400465,5.72200000000157
0.65,19,21,0.996174842300604,0.996236445322607,0.0303030303030303,0.0303030303030303,0.0303030303030303,1,1,0.0303030303030303,1,0.996236002634798,0.996236002634798,1,0.515151515151515,0.515151515151515,35.7609999999986
0.65,19,41,0.996200175591639,0.996354056406276,0.096969696969697,0.096969696969697,0.096969696969697,0.999858316803627,0.999858316803627,0.096969696969697,0.727272727272789,0.996493375067661,0.996493375067661,0.727272727272789,0.548414006886662,0.548414006886662,67.224000000002
0.65,19,61,0.996200173987403,0.996283489756075,0.0848484848484849,0.0848484848484849,0.0848484848484849,0.999834702937565,0.999834702937565,0.0848484848484849,0.666666666666661,0.996446389908689,0.996446389908689,0.666666666666661,0.542341593893025,0.542341593893025,98.1200000000026
0.65,19,81,0.996187507742945,0.996354056406276,0.0909090909090909,0.0909090909090909,0.0909090909090909,0.999881930669689,0.999881930669689,0.0909090909090909,0.74999999999997,0.996470006824653,0.996470006824653,0.74999999999997,0.54539551078939,0.54539551078939,129.142999999996
0.65,19,101,0.99621284103398,0.996307011972808,0.0848484848484849,0.0848484848484849,0.0848484848484849,0.999858316803627,0.999858316803627,0.0848484848484849,0.700000000000066,0.996446473536818,0.996446473536818,0.700000000000066,0.542353400826056,0.542353400826056,158.947
0.65,19,121,0.996225507278438,0.996330534189542,0.0848484848484849,0.0848484848484849,0.0848484848484849,0.999881930669689,0.999881930669689,0.0848484848484849,0.736842105263127,0.996446557161011,0.996446557161011,0.736842105263127,0.542365207759087,0.542365207759087,190.286
0.65,19,141,0.99621284103398,0.996283489756075,0.0848484848484849,0.0848484848484849,0.0848484848484849,0.999834702937565,0.999834702937565,0.0848484848484849,0.666666666666661,0.996446389908689,0.996446389908689,0.666666666666661,0.542341593893025,0.542341593893025,219.612000000001
0.65,19,161,0.99621284103398,0.996283489756075,0.0848484848484849,0.0848484848484849,0.0848484848484849,0.999834702937565,0.999834702937565,0.0848484848484849,0.666666666666661,0.996446389908689,0.996446389908689,0.666666666666661,0.542341593893025,0.542341593893025,252.659999999996
0.65,19,181,0.996200174789521,0.996307011972808,0.0848484848484849,0.0848484848484849,0.0848484848484849,0.999858316803627,0.999858316803627,0.0848484848484849,0.700000000000066,0.996446473536818,0.996446473536818,0.700000000000066,0.542353400826056,0.542353400826056,283.441000000006
0.65,19,201,0.99621284103398,0.996307011972808,0.0848484848484849,0.0848484848484849,0.0848484848484849,0.999858316803627,0.999858316803627,0.0848484848484849,0.700000000000066,0.996446473536818,0.996446473536818,0.700000000000066,0.542353400826056,0.542353400826056,317.969000000005
0.65,22,1,0.993387130861632,0.992565580519939,0.0391061452513966,0.0391061452513966,0.0391061452513966,0.99659783584558,0.99659783584558,0.0391061452513966,0.0463576158940403,0.995938990414128,0.995938990414128,0.0463576158940403,0.517851990548488,0.517851990548488,5.46100000000297
0.65,22,21,0.996364190925339,0.99595341724503,0.0558659217877095,0.0558659217877095,0.0558659217877095,0.999929121580116,0.999929121580116,0.0558659217877095,0.76923076923083,0.996022780758731,0.996022780758731,0.76923076923083,0.527897521683913,0.527897521683913,35.4429999999993
0.65,22,41,0.996313516319651,0.995812257381484,0.00558659217877095,0.00558659217877095,0.00558659217877095,1,1,0.00558659217877095,1,0.995812158855637,0.995812158855637,1,0.502793296089385,0.502793296089385,58.5239999999976
0.65,22,61,0.996313517924497,0.99595341724503,0.0446927374301676,0.0446927374301676,0.0446927374301676,0.999976373860039,0.999976373860039,0.0446927374301676,0.888888888889077,0.99597609186747,0.99597609186747,0.888888888889077,0.522334555645103,0.522334555645103,95.851999999999
0.65,22,81,0.996313517924497,0.99595341724503,0.0446927374301676,0.0446927374301676,0.0446927374301676,0.999976373860039,0.999976373860039,0.0446927374301676,0.888888888889077,0.99597609186747,0.99597609186747,0.888888888889077,0.522334555645103,0.522334555645103,125.349999999999
0.65,22,101,0.99633885201765,0.995906363957181,0.0335195530726257,0.0335195530726257,0.0335195530726257,0.999976373860039,0.999976373860039,0.0335195530726257,0.857142857143091,0.995929220198598,0.995929220198598,0.857142857143091,0.516747963466332,0.516747963466332,147.652000000002
0.65,22,121,0.99632618416865,0.995906363957181,0.0335195530726257,0.0335195530726257,0.0335195530726257,0.999976373860039,0.999976373860039,0.0335195530726257,0.857142857143091,0.995929220198598,0.995929220198598,0.857142857143091,0.516747963466332,0.516747963466332,174.538
0.65,22,141,0.996313517122074,0.995976943888954,0.0502793296089385,0.0502793296089385,0.0502793296089385,0.999976373860039,0.999976373860039,0.0502793296089385,0.900000000000172,0.995999529356395,0.995999529356395,0.900000000000172,0.525127851734489,0.525127851734489,213.521000000001
0.65,22,161,0.996326185773496,0.995929890601106,0.0391061452513966,0.0391061452513966,0.0391061452513966,0.999976373860039,0.999976373860039,0.0391061452513966,0.875000000000208,0.995952655481563,0.995952655481563,0.875000000000208,0.519541259555718,0.519541259555718,246.892
0.65,22,181,0.996313517122074,0.99595341724503,0.0446927374301676,0.0446927374301676,0.0446927374301676,0.999976373860039,0.999976373860039,0.0446927374301676,0.888888888889077,0.99597609186747,0.99597609186747,0.888888888889077,0.522334555645103,0.522334555645103,277.235000000001
0.65,22,201,0.996313517122074,0.995929890601106,0.0391061452513966,0.0391061452513966,0.0391061452513966,0.999976373860039,0.999976373860039,0.0391061452513966,0.875000000000208,0.995952655481563,0.995952655481563,0.875000000000208,0.519541259555718,0.519541259555718,301.656999999999
0.75,1,1,0.992567069900637,0.992918546819933,0.00819672131147541,0.00819672131147541,0.00819672131147541,0.99689143159496,0.99689143159496,0.00819672131147541,0.0105263157894738,0.996002114584022,0.996002114584022,0.0105263157894738,0.502544076453218,0.502544076453218,6.70100000000093
0.75,1,21,0.996201182827616,0.996146371990382,0.0573770491803279,0.0573770491803279,0.0573770491803279,0.999933860246701,0.999933860246701,0.0573770491803279,0.777777777777774,0.996211122825514,0.996211122825514,0.777777777777774,0.528655454713515,0.528655454713515,41.3439999999973
0.75,1,41,0.996267057775184,0.996179308981918,0.0737704918032787,0.0737704918032787,0.0737704918032787,0.999900790370052,0.999900790370052,0.0737704918032787,0.7500000000001,0.996276648324492,0.996276648324492,0.7500000000001,0.536835641086665,0.536835641086665,81.5250000000015
0.75,1,61,0.996267057775184,0.996179308981918,0.0737704918032787,0.0737704918032787,0.0737704918032787,0.999900790370052,0.999900790370052,0.0737704918032787,0.7500000000001,0.996276648324492,0.996276648324492,0.7500000000001,0.536835641086665,0.536835641086665,119.659
0.75,1,81,0.99622314033983,0.996245182964988,0.0737704918032787,0.0737704918032787,0.0737704918032787,0.999966930123351,0.999966930123351,0.0737704918032787,0.900000000000149,0.996276893677309,0.996276893677309,0.900000000000149,0.536868710963315,0.536868710963315,156.296999999999
0.75,1,101,0.996234119095937,0.996179308981918,0.0737704918032787,0.0737704918032787,0.0737704918032787,0.999900790370052,0.999900790370052,0.0737704918032787,0.7500000000001,0.996276648324492,0.996276648324492,0.7500000000001,0.536835641086665,0.536835641086665,191.613999999994
0.75,1,121,0.996234119095937,0.996212245973453,0.0737704918032787,0.0737704918032787,0.0737704918032787,0.999933860246701,0.999933860246701,0.0737704918032787,0.818181818181815,0.996276771004942,0.996276771004942,0.818181818181815,0.53685217602499,0.53685217602499,227.908000000003
0.75,1,141,0.9962341203014,0.996212245973453,0.0737704918032787,0.0737704918032787,0.0737704918032787,0.999933860246701,0.999933860246701,0.0737704918032787,0.818181818181815,0.996276771004942,0.996276771004942,0.818181818181815,0.53685217602499,0.53685217602499,265.889000000003
0.75,1,161,0.996256077813614,0.996113434998847,0.0655737704918033,0.0655737704918033,0.0655737704918033,0.999867720493403,0.999867720493403,0.0655737704918033,0.666666666666661,0.996243698309664,0.996243698309664,0.666666666666661,0.532720745492603,0.532720745492603,303.532999999996
0.75,1,181,0.996256077813614,0.996179308981918,0.0737704918032787,0.0737704918032787,0.0737704918032787,0.999900790370052,0.999900790370052,0.0737704918032787,0.7500000000001,0.996276648324492,0.996276648324492,0.7500000000001,0.536835641086665,0.536835641086665,339.701999999997
0.75,1,201,0.996245099057507,0.996245182964988,0.0819672131147541,0.0819672131147541,0.0819672131147541,0.999933860246701,0.999933860246701,0.0819672131147541,0.83333333333333,0.996309598339319,0.996309598339319,0.83333333333333,0.540950536680728,0.540950536680728,374.967000000004
0.75,4,1,0.992457014137605,0.99262187088274,0.0686274509803922,0.0686274509803922,0.0686274509803922,0.99573666468372,0.99573666468372,0.0686274509803922,0.0514705882352942,0.996856802541027,0.996856802541027,0.0514705882352942,0.532182057832056,0.532182057832056,6.75
0.75,4,21,0.996058325801789,0.996805006587615,0.0686274509803922,0.0686274509803922,0.0686274509803922,0.999933901778042,0.999933901778042,0.0686274509803922,0.777777777777855,0.996869954861454,0.996869954861454,0.777777777777855,0.534280676379217,0.534280676379217,42.6130000000048
0.75,4,41,0.996069305763359,0.996870882740448,0.0784313725490196,0.0784313725490196,0.0784313725490196,0.999966950889021,0.999966950889021,0.0784313725490196,0.888888888888933,0.996902902705018,0.996902902705018,0.888888888888933,0.53919916171902,0.53919916171902,84.2229999999981
0.75,4,61,0.996014407161037,0.996805006587615,0.0784313725490196,0.0784313725490196,0.0784313725490196,0.999900852667063,0.999900852667063,0.0784313725490196,0.727272727272816,0.996902698606214,0.996902698606214,0.727272727272816,0.539166112608041,0.539166112608041,122.394
0.75,4,81,0.996025386519843,0.996772068511199,0.0588235294117647,0.0588235294117647,0.0588235294117647,0.999933901778042,0.999933901778042,0.0588235294117647,0.750000000000083,0.996837111228255,0.996837111228255,0.750000000000083,0.529378715594903,0.529378715594903,148.956999999995
0.75,4,101,0.996047345840218,0.996805006587615,0.0588235294117647,0.0588235294117647,0.0588235294117647,0.999966950889021,0.999966950889021,0.0588235294117647,0.857142857142912,0.996837215431753,0.996837215431753,0.857142857142912,0.529395240150393,0.529395240150393,185.620999999999
0.75,4,121,0.996014407161037,0.996870882740448,0.0784313725490196,0.0784313725490196,0.0784313725490196,0.999966950889021,0.999966950889021,0.0784313725490196,0.888888888888933,0.996902902705018,0.996902902705018,0.888888888888933,0.53919916171902,0.53919916171902,235.987999999998
0.75,4,141,0.996014407161037,0.996837944664032,0.0784313725490196,0.0784313725490196,0.0784313725490196,0.999933901778042,0.999933901778042,0.0784313725490196,0.800000000000071,0.996902800658979,0.996902800658979,0.800000000000071,0.539182637163531,0.539182637163531,275.269
0.75,4,161,0.996025386519843,0.996837944664032,0.0784313725490196,0.0784313725490196,0.0784313725490196,0.999933901778042,0.999933901778042,0.0784313725490196,0.800000000000071,0.996902800658979,0.996902800658979,0.800000000000071,0.539182637163531,0.539182637163531,314.328000000001
0.75,4,181,0.996025385917078,0.996837944664032,0.0784313725490196,0.0784313725490196,0.0784313725490196,0.999933901778042,0.999933901778042,0.0784313725490196,0.800000000000071,0.996902800658979,0.996902800658979,0.800000000000071,0.539182637163531,0.539182637163531,349.695
0.75,4,201,0.996047345840218,0.996837944664032,0.0784313725490196,0.0784313725490196,0.0784313725490196,0.999933901778042,0.999933901778042,0.0784313725490196,0.800000000000071,0.996902800658979,0.996902800658979,0.800000000000071,0.539182637163531,0.539182637163531,388.056000000004
0.75,7,1,0.992654243548074,0.992555504315172,0.0173913043478261,0.0173913043478261,0.0173913043478261,0.99626359818801,0.99626359818801,0.0173913043478261,0.0173913043478262,0.99626359818801,0.99626359818801,0.0173913043478262,0.506827451267918,0.506827451267918,6.77900000000227
0.75,7,21,0.996222809426382,0.996343632650372,0.0434782608695652,0.0434782608695652,0.0434782608695652,0.999966934497239,0.999966934497239,0.0434782608695652,0.833333333333446,0.996375856615709,0.996375856615709,0.833333333333446,0.521722597683402,0.521722597683402,44.2650000000067
0.75,7,41,0.996189867733179,0.996277752157586,0.0347826086956522,0.0347826086956522,0.0347826086956522,0.999933868994478,0.999933868994478,0.0347826086956522,0.666666666666846,0.99634290985767,0.99634290985767,0.666666666666846,0.517358238845065,0.517358238845065,83.5080000000016
0.75,7,61,0.996178887771609,0.996310692403979,0.0434782608695652,0.0434782608695652,0.0434782608695652,0.999933868994478,0.999933868994478,0.0434782608695652,0.714285714285879,0.996375737208,0.996375737208,0.714285714285879,0.521706064932022,0.521706064932022,120.734000000004
0.75,7,81,0.996211827656319,0.996310692403979,0.0434782608695652,0.0434782608695652,0.0434782608695652,0.999933868994478,0.999933868994478,0.0434782608695652,0.714285714285879,0.996375737208,0.996375737208,0.714285714285879,0.521706064932022,0.521706064932022,156.307000000001
0.75,7,101,0.996200847091918,0.996343632650372,0.0347826086956522,0.0347826086956522,0.0347826086956522,1,1,0.0347826086956522,1,0.99634315082032,0.99634315082032,1,0.517391304347826,0.517391304347826,198.434999999998
0.75,7,121,0.996200847091918,0.996310692403979,0.0347826086956522,0.0347826086956522,0.0347826086956522,0.999966934497239,0.999966934497239,0.0347826086956522,0.800000000000129,0.996343030342964,0.996343030342964,0.800000000000129,0.517374771596446,0.517374771596446,235.254000000001
0.75,7,141,0.99618986833601,0.996343632650372,0.0347826086956522,0.0347826086956522,0.0347826086956522,1,1,0.0347826086956522,1,0.99634315082032,0.99634315082032,1,0.517391304347826,0.517391304347826,256.046000000002
0.75,7,161,0.996200847694749,0.996343632650372,0.0434782608695652,0.0434782608695652,0.0434782608695652,0.999966934497239,0.999966934497239,0.0434782608695652,0.833333333333446,0.996375856615709,0.996375856615709,0.833333333333446,0.521722597683402,0.521722597683402,310.572999999997
0.75,7,181,0.99623378818229,0.996310692403979,0.0347826086956522,0.0347826086956522,0.0347826086956522,0.999966934497239,0.999966934497239,0.0347826086956522,0.800000000000129,0.996343030342964,0.996343030342964,0.800000000000129,0.517374771596446,0.517374771596446,342.687000000005
0.75,7,201,0.996200847091918,0.996310692403979,0.0347826086956522,0.0347826086956522,0.0347826086956522,0.999966934497239,0.999966934497239,0.0347826086956522,0.800000000000129,0.996343030342964,0.996343030342964,0.800000000000129,0.517374771596446,0.517374771596446,385.798999999999
0.75,10,1,0.992939109427332,0.992587956252471,0.0521739130434783,0.0521739130434783,0.0521739130434783,0.996164148010979,0.996164148010979,0.0521739130434783,0.0491803278688531,0.996394787325528,0.996394787325528,0.0491803278688531,0.524169030527228,0.524169030527228,6.87799999999697
0.75,10,21,0.996310327787844,0.996145737251285,0.0260869565217391,0.0260869565217391,0.0260869565217391,0.999834661552197,0.999834661552197,0.0260869565217391,0.375000000000013,0.996309476736523,0.996309476736523,0.375000000000013,0.512960809036968,0.512960809036968,42.0169999999998
0.75,10,41,0.99633229012244,0.996211622084596,0.0608695652173913,0.0608695652173913,0.0608695652173913,0.999768526173076,0.999768526173076,0.0608695652173913,0.500000000000037,0.996440577417441,0.996440577417441,0.500000000000037,0.530319045695234,0.530319045695234,82.0889999999999
0.75,10,61,0.996299346620546,0.996244564501252,0.0260869565217391,0.0260869565217391,0.0260869565217391,0.999933864620879,0.999933864620879,0.0260869565217391,0.600000000000093,0.996309841520872,0.996309841520872,0.600000000000093,0.513010410571309,0.513010410571309,111.262000000002
0.75,10,81,0.996288365453248,0.996244564501252,0.0608695652173913,0.0608695652173913,0.0608695652173913,0.999801593862637,0.999801593862637,0.0608695652173913,0.538461538461496,0.996440694723659,0.996440694723659,0.538461538461496,0.530335579540014,0.530335579540014,158.421999999999
0.75,10,101,0.99627738428595,0.996211622084596,0.0173913043478261,0.0173913043478261,0.0173913043478261,0.999933864620879,0.999933864620879,0.0173913043478261,0.500000000000097,0.996277016341592,0.996277016341592,0.500000000000097,0.508662584484353,0.508662584484353,182.338000000003
0.75,10,121,0.996310327787844,0.99617867966794,0.0521739130434783,0.0521739130434783,0.0521739130434783,0.999768526173076,0.999768526173076,0.0521739130434783,0.461538461538499,0.996407738193323,0.996407738193323,0.461538461538499,0.525971219608277,0.525971219608277,234.921999999999
0.75,10,141,0.996288365453248,0.996244564501252,0.0521739130434783,0.0521739130434783,0.0521739130434783,0.999834661552197,0.999834661552197,0.0521739130434783,0.545454545454559,0.996407974954688,0.996407974954688,0.545454545454559,0.526004287297838,0.526004287297838,275.125999999997
0.75,10,161,0.996310327787844,0.996277506917908,0.0521739130434783,0.0521739130434783,0.0521739130434783,0.999867729241758,0.999867729241758,0.0521739130434783,0.600000000000093,0.996408093323667,0.996408093323667,0.600000000000093,0.526020821142618,0.526020821142618,305.936000000002
0.75,10,181,0.996321308955142,0.996277506917908,0.0521739130434783,0.0521739130434783,0.0521739130434783,0.999867729241758,0.999867729241758,0.0521739130434783,0.600000000000093,0.996408093323667,0.996408093323667,0.600000000000093,0.526020821142618,0.526020821142618,348.983
0.75,10,201,0.996310327787844,0.996277506917908,0.0521739130434783,0.0521739130434783,0.0521739130434783,0.999867729241758,0.999867729241758,0.0521739130434783,0.600000000000093,0.996408093323667,0.996408093323667,0.600000000000093,0.526020821142618,0.526020821142618,385.171999999999
0.75,13,1,0.993201985708611,0.993081180811808,0.024,0.024,0.024,0.997088695537103,0.997088695537103,0.024,0.0329670329670326,0.995968408182149,0.995968408182149,0.0329670329670326,0.510544347768551,0.510544347768551,6.57099999999627
0.75,13,21,0.9962660358962,0.996046389035319,0.048,0.048,0.048,0.99996691699474,0.99996691699474,0.048,0.857142857142958,0.996078431372549,0.996078431372549,0.857142857142958,0.52398345849737,0.52398345849737,44.5720000000001
0.75,13,41,0.996298981206984,0.99601344227728,0.032,0.032,0.032,1,1,0.032,1,0.996012916831422,0.996012916831422,1,0.516,0.516,76.3439999999973
0.75,13,61,0.996320946556595,0.99601344227728,0.032,0.032,0.032,1,1,0.032,1,0.996012916831422,0.996012916831422,1,0.516,0.516,113.142
0.75,13,81,0.996320945953565,0.99601344227728,0.032,0.032,0.032,1,1,0.032,1,0.996012916831422,0.996012916831422,1,0.516,0.516,149.889000000003
0.75,13,101,0.996364874843699,0.995980495519241,0.024,0.024,0.024,1,1,0.024,1,0.995980098191044,0.995980098191044,1,0.512,0.512,179.606
0.75,13,121,0.996342910700147,0.995980495519241,0.024,0.024,0.024,1,1,0.024,1,0.995980098191044,0.995980098191044,1,0.512,0.512,217.834000000003
0.75,13,141,0.996342911906206,0.996046389035319,0.04,0.04,0.04,1,1,0.04,1,0.996045737634692,0.996045737634692,1,0.52,0.52,273.582000000002
0.75,13,161,0.996353893676467,0.996079335793358,0.048,0.048,0.048,1,1,0.048,1,0.996078560601068,0.996078560601068,1,0.524,0.524,313.389999999999
0.75,13,181,0.996342911303177,0.996079335793358,0.048,0.048,0.048,1,1,0.048,1,0.996078560601068,0.996078560601068,1,0.524,0.524,348.548999999999
0.75,13,201,0.996353893676467,0.996046389035319,0.04,0.04,0.04,1,1,0.04,1,0.996045737634692,0.996045737634692,1,0.52,0.52,386.523999999998
0.75,16,1,0.992629939100009,0.992750757875313,0.0344827586206897,0.0344827586206897,0.0344827586206897,0.996427626356179,0.996427626356179,0.0344827586206897,0.0357142857142856,0.996295806323588,0.996295806323588,0.0357142857142856,0.515455192488434,0.515455192488434,6.83200000000215
0.75,16,21,0.996265543140422,0.996210623434823,0.0431034482758621,0.0431034482758621,0.0431034482758621,0.999867689865044,0.999867689865044,0.0431034482758621,0.55555555555564,0.996341342826065,0.996341342826065,0.55555555555564,0.521485569070453,0.521485569070453,42.265999999996
0.75,16,41,0.996265541933965,0.996243574535389,0.0431034482758621,0.0431034482758621,0.0431034482758621,0.999900767398783,0.999900767398783,0.0431034482758621,0.625000000000014,0.996341463414634,0.996341463414634,0.625000000000014,0.521502107837322,0.521502107837322,84.3289999999979
0.75,16,61,0.996243575981324,0.996177672334256,0.0172413793103448,0.0172413793103448,0.0172413793103448,0.999933844932522,0.999933844932522,0.0172413793103448,0.499999999999875,0.99624307935671,0.99624307935671,0.499999999999875,0.508587612121433,0.508587612121433,114.624000000003
0.75,16,81,0.996232591798548,0.996177672334256,0.0172413793103448,0.0172413793103448,0.0172413793103448,0.999933844932522,0.999933844932522,0.0172413793103448,0.499999999999875,0.99624307935671,0.99624307935671,0.499999999999875,0.508587612121433,0.508587612121433,151.116000000002
0.75,16,101,0.996254559560873,0.996243574535389,0.0258620689655172,0.0258620689655172,0.0258620689655172,0.999966922466261,0.999966922466261,0.0258620689655172,0.750000000000221,0.996276034800949,0.996276034800949,0.750000000000221,0.512914495715889,0.512914495715889,184.038
0.75,16,121,0.996254559560873,0.996243574535389,0.0258620689655172,0.0258620689655172,0.0258620689655172,0.999966922466261,0.999966922466261,0.0258620689655172,0.750000000000221,0.996276034800949,0.996276034800949,0.750000000000221,0.512914495715889,0.512914495715889,222.305999999997
0.75,16,141,0.996254559560873,0.996243574535389,0.0258620689655172,0.0258620689655172,0.0258620689655172,0.999966922466261,0.999966922466261,0.0258620689655172,0.750000000000221,0.996276034800949,0.996276034800949,0.750000000000221,0.512914495715889,0.512914495715889,258.684000000001
0.75,16,161,0.996254559560873,0.996210623434823,0.0258620689655172,0.0258620689655172,0.0258620689655172,0.999933844932522,0.999933844932522,0.0258620689655172,0.59999999999988,0.996275912071977,0.996275912071977,0.59999999999988,0.51289795694902,0.51289795694902,295.309999999998
0.75,16,181,0.996243575378096,0.996243574535389,0.0258620689655172,0.0258620689655172,0.0258620689655172,0.999966922466261,0.999966922466261,0.0258620689655172,0.750000000000221,0.996276034800949,0.996276034800949,0.750000000000221,0.512914495715889,0.512914495715889,332.142000000007
0.75,16,201,0.996243574774868,0.996276525635956,0.0431034482758621,0.0431034482758621,0.0431034482758621,0.999933844932522,0.999933844932522,0.0431034482758621,0.714285714285612,0.996341583995254,0.996341583995254,0.714285714285612,0.521518646604192,0.521518646604192,392.256000000001
0.75,19,1,0.992628712564989,0.992585025046138,0.00892857142857143,0.00892857142857143,0.00892857142857143,0.996229161153744,0.996229161153744,0.00892857142857143,0.00869565217391305,0.996328029375765,0.996328029375765,0.00869565217391305,0.502578866291158,0.502578866291158,6.72000000000116
0.75,19,21,0.996089159720949,0.996308990245188,0,0,0,1,1,0,NA,0.996308990245188,0.996308990245188,NA,0.5,0.5,40.3400000000038
0.75,19,41,0.996100143300233,0.996308990245188,0.0625,0.0625,0.0625,0.999768457263826,0.999768457263826,0.0625,0.500000000000055,0.996538081107814,0.996538081107814,0.500000000000055,0.531134228631913,0.531134228631913,82.2190000000046
0.75,19,61,0.996111129896453,0.996341945689428,0.0714285714285714,0.0714285714285714,0.0714285714285714,0.999768457263826,0.999768457263826,0.0714285714285714,0.533333333333388,0.996570938705529,0.996570938705529,0.533333333333388,0.535598514346199,0.535598514346199,121.459000000003
0.75,19,81,0.996089157307308,0.996341945689428,0.0714285714285714,0.0714285714285714,0.0714285714285714,0.999768457263826,0.999768457263826,0.0714285714285714,0.533333333333388,0.996570938705529,0.996570938705529,0.533333333333388,0.535598514346199,0.535598514346199,157.182000000001
0.75,19,101,0.996067188338658,0.996308990245188,0,0,0,1,1,0,NA,0.996308990245188,0.996308990245188,NA,0.5,0.5,172.788
0.75,19,121,0.996067188338658,0.996308990245188,0,0,0,1,1,0,NA,0.996308990245188,0.996308990245188,NA,0.5,0.5,205.580999999998
0.75,19,141,0.996067188338658,0.996308990245188,0,0,0,1,1,0,NA,0.996308990245188,0.996308990245188,NA,0.5,0.5,241.805999999997
0.75,19,161,0.996067188338658,0.996308990245188,0,0,0,1,1,0,NA,0.996308990245188,0.996308990245188,NA,0.5,0.5,274.625999999997
0.75,19,181,0.996078173728157,0.996308990245188,0.00892857142857143,0.00892857142857143,0.00892857142857143,0.999966922466261,0.999966922466261,0.00892857142857143,0.500000000000295,0.996341704567926,0.996341704567926,0.500000000000295,0.504447746947416,0.504447746947416,344.644999999997
0.75,19,201,0.996078173728157,0.996308990245188,0.00892857142857143,0.00892857142857143,0.00892857142857143,0.999966922466261,0.999966922466261,0.00892857142857143,0.500000000000295,0.996341704567926,0.996341704567926,0.500000000000295,0.504447746947416,0.504447746947416,380.123999999996
0.75,22,1,0.99294605588467,0.992418748763926,0.0495867768595041,0.0495867768595041,0.0495867768595041,0.996194195320515,0.996194195320515,0.0495867768595041,0.0495867768595036,0.996194195320515,0.996194195320515,0.0495867768595036,0.52289048609001,0.52289048609001,6.66800000000512
0.75,22,21,0.996341185165146,0.996044564572483,0.0413223140495868,0.0413223140495868,0.0413223140495868,0.999867624185061,0.999867624185061,0.0413223140495868,0.555555555555511,0.996175277786937,0.996175277786937,0.555555555555511,0.520594969117324,0.520594969117324,42.2170000000042
0.75,22,41,0.996374147368508,0.996110488496275,0.0661157024793388,0.0661157024793388,0.0661157024793388,0.999834530231327,0.999834530231327,0.0661157024793388,0.615384615384613,0.996273701566364,0.996273701566364,0.615384615384613,0.532975116355333,0.532975116355333,83.3770000000004
0.75,22,61,0.996308221754531,0.996110488496275,0.0661157024793388,0.0661157024793388,0.0661157024793388,0.999834530231327,0.999834530231327,0.0661157024793388,0.615384615384613,0.996273701566364,0.996273701566364,0.615384615384613,0.532975116355333,0.532975116355333,124.002
0.75,22,81,0.996330196757982,0.996110488496275,0.0661157024793388,0.0661157024793388,0.0661157024793388,0.999834530231327,0.999834530231327,0.0661157024793388,0.615384615384613,0.996273701566364,0.996273701566364,0.615384615384613,0.532975116355333,0.532975116355333,161.205000000002
0.75,22,101,0.996319208954444,0.996143450458171,0.0661157024793388,0.0661157024793388,0.0661157024793388,0.999867624185061,0.999867624185061,0.0661157024793388,0.666666666666627,0.996273824441074,0.996273824441074,0.666666666666627,0.5329916633322,0.5329916633322,200.614999999998
0.75,22,121,0.99631920955807,0.996110488496275,0.0578512396694215,0.0578512396694215,0.0578512396694215,0.999867624185061,0.999867624185061,0.0578512396694215,0.636363636363595,0.996240973390048,0.996240973390048,0.636363636363595,0.528859431927241,0.528859431927241,241.978999999999
0.75,22,141,0.996286246147455,0.996176412420067,0.0578512396694215,0.0578512396694215,0.0578512396694215,0.999933812092531,0.999933812092531,0.0578512396694215,0.777777777777892,0.996241221273369,0.996241221273369,0.777777777777892,0.528892525880976,0.528892525880976,258.328999999998
0.75,22,161,0.996308221150905,0.996143450458171,0.0578512396694215,0.0578512396694215,0.0578512396694215,0.999900718138796,0.999900718138796,0.0578512396694215,0.699999999999904,0.996241097335795,0.996241097335795,0.699999999999904,0.528875978904109,0.528875978904109,318.610999999997
0.75,22,181,0.996286246147455,0.996209374381963,0.0661157024793388,0.0661157024793388,0.0661157024793388,0.999933812092531,0.999933812092531,0.0661157024793388,0.800000000000106,0.996274070166183,0.996274070166183,0.800000000000106,0.533024757285935,0.533024757285935,331.541000000005
0.75,22,201,0.996297233347367,0.996176412420067,0.0578512396694215,0.0578512396694215,0.0578512396694215,0.999933812092531,0.999933812092531,0.0578512396694215,0.777777777777892,0.996241221273369,0.996241221273369,0.777777777777892,0.528892525880976,0.528892525880976,365.796999999999
0.85,1,1,0.992835532387865,0.992638576058891,0.0441176470588235,0.0441176470588235,0.0441176470588235,0.996195202646816,0.996195202646816,0.0441176470588235,0.0416666666666672,0.996414979868733,0.996414979868733,0.0416666666666672,0.52015642485282,0.52015642485282,8.03100000000268
0.85,1,21,0.996286893530197,0.996484096028127,0.102941176470588,0.102941176470588,0.102941176470588,0.999834574028122,0.999834574028122,0.102941176470588,0.699999999999942,0.996647062056835,0.996647062056835,0.699999999999942,0.551387875249355,0.551387875249355,54.0169999999998
0.85,1,41,0.996306282769169,0.996429160028567,0.102941176470588,0.102941176470588,0.102941176470588,0.999779432037497,0.999779432037497,0.102941176470588,0.636363636363611,0.996646877748461,0.996646877748461,0.636363636363611,0.551360304254042,0.551360304254042,100.855000000003
0.85,1,61,0.996257806382127,0.996484096028127,0.102941176470588,0.102941176470588,0.102941176470588,0.999834574028122,0.999834574028122,0.102941176470588,0.699999999999942,0.996647062056835,0.996647062056835,0.699999999999942,0.551387875249355,0.551387875249355,145.934000000001
0.85,1,81,0.996248109412977,0.996484096028127,0.0882352941176471,0.0882352941176471,0.0882352941176471,0.999889716018748,0.999889716018748,0.0882352941176471,0.750000000000074,0.996592470458917,0.996592470458917,0.750000000000074,0.544062505068198,0.544062505068198,191.605000000003
0.85,1,101,0.996315975508943,0.996484096028127,0.0882352941176471,0.0882352941176471,0.0882352941176471,0.999889716018748,0.999889716018748,0.0882352941176471,0.750000000000074,0.996592470458917,0.996592470458917,0.750000000000074,0.544062505068198,0.544062505068198,238.528999999995
0.85,1,121,0.996296586269925,0.996429160028567,0.0735294117647059,0.0735294117647059,0.0735294117647059,0.999889716018748,0.999889716018748,0.0735294117647059,0.714285714285795,0.996537700593537,0.996537700593537,0.714285714285795,0.536709563891727,0.536709563891727,284.354999999996
0.85,1,141,0.996296586269925,0.996429160028567,0.0735294117647059,0.0735294117647059,0.0735294117647059,0.999889716018748,0.999889716018748,0.0735294117647059,0.714285714285795,0.996537700593537,0.996537700593537,0.714285714285795,0.536709563891727,0.536709563891727,334.333999999995
0.85,1,161,0.996306280419505,0.996429160028567,0.0735294117647059,0.0735294117647059,0.0735294117647059,0.999889716018748,0.999889716018748,0.0735294117647059,0.714285714285795,0.996537700593537,0.996537700593537,0.714285714285795,0.536709563891727,0.536709563891727,375.594000000005
0.85,1,181,0.996306281359362,0.996429160028567,0.0735294117647059,0.0735294117647059,0.0735294117647059,0.999889716018748,0.999889716018748,0.0735294117647059,0.714285714285795,0.996537700593537,0.996537700593537,0.714285714285795,0.536709563891727,0.536709563891727,428.051000000007
0.85,1,201,0.996315975508943,0.996429160028567,0.0735294117647059,0.0735294117647059,0.0735294117647059,0.999889716018748,0.999889716018748,0.0735294117647059,0.714285714285795,0.996537700593537,0.996537700593537,0.714285714285795,0.536709563891727,0.536709563891727,470.579000000005
0.85,4,1,0.993048572456544,0.991924408064605,0.0119047619047619,0.0119047619047619,0.0119047619047619,0.996467796235995,0.996467796235995,0.0119047619047619,0.0153846153846153,0.995423971771971,0.995423971771971,0.0153846153846153,0.504186279070379,0.504186279070379,7.96399999999994
0.85,4,21,0.996461259922241,0.99566005603472,0.0833333333333333,0.0833333333333333,0.0833333333333333,0.999889618632375,0.999889618632375,0.0833333333333333,0.777777777777864,0.995767835550181,0.995767835550181,0.777777777777864,0.541611475982854,0.541611475982854,54.1359999999986
0.85,4,41,0.996490343780654,0.995550184035598,0.0714285714285714,0.0714285714285714,0.0714285714285714,0.999834427948562,0.999834427948562,0.0714285714285714,0.666666666666629,0.995712872375508,0.995712872375508,0.666666666666629,0.535631499688567,0.535631499688567,99.2560000000012
0.85,4,61,0.996441868333377,0.995605120035159,0.0833333333333333,0.0833333333333333,0.0833333333333333,0.999834427948562,0.999834427948562,0.0833333333333333,0.699999999999964,0.995767602924202,0.995767602924202,0.699999999999964,0.541583880640948,0.541583880640948,145.688999999998
0.85,4,81,0.99645156389281,0.99571499203428,0.107142857142857,0.107142857142857,0.107142857142857,0.999834427948562,0.999834427948562,0.107142857142857,0.749999999999968,0.995877082073553,0.995877082073553,0.749999999999968,0.55348864254571,0.55348864254571,189.599000000002
0.85,4,101,0.996461258512296,0.99571499203428,0.0952380952380952,0.0952380952380952,0.0952380952380952,0.999889618632375,0.999889618632375,0.0952380952380952,0.80000000000008,0.995822569119991,0.995822569119991,0.80000000000008,0.547563856935235,0.547563856935235,238.620999999999
0.85,4,121,0.996432173243939,0.99566005603472,0.0833333333333333,0.0833333333333333,0.0833333333333333,0.999889618632375,0.999889618632375,0.0833333333333333,0.777777777777864,0.995767835550181,0.995767835550181,0.777777777777864,0.541611475982854,0.541611475982854,281.614000000001
0.85,4,141,0.996441867863426,0.99566005603472,0.0833333333333333,0.0833333333333333,0.0833333333333333,0.999889618632375,0.999889618632375,0.0833333333333333,0.777777777777864,0.995767835550181,0.995767835550181,0.777777777777864,0.541611475982854,0.541611475982854,321.553
0.85,4,161,0.996422479094404,0.995550184035598,0.0476190476190476,0.0476190476190476,0.0476190476190476,0.999944809316187,0.999944809316187,0.0476190476190476,0.80000000000008,0.995603912517859,0.995603912517859,0.80000000000008,0.523781928467618,0.523781928467618,354.061999999998
0.85,4,181,0.996412782595068,0.99566005603472,0.0833333333333333,0.0833333333333333,0.0833333333333333,0.999889618632375,0.999889618632375,0.0833333333333333,0.777777777777864,0.995767835550181,0.995767835550181,0.777777777777864,0.541611475982854,0.541611475982854,416.175999999999
0.85,4,201,0.996432172773988,0.99566005603472,0.0833333333333333,0.0833333333333333,0.0833333333333333,0.999889618632375,0.999889618632375,0.0833333333333333,0.777777777777864,0.995767835550181,0.995767835550181,0.777777777777864,0.541611475982854,0.541611475982854,460.392
0.85,7,1,0.992844605691464,0.991374100324158,0.0123456790123457,0.0123456790123457,0.0123456790123457,0.99575055187638,0.99575055187638,0.0123456790123457,0.0128205128205129,0.995585719803564,0.995585719803564,0.0128205128205129,0.504048115444363,0.504048115444363,7.8839999999982
0.85,7,21,0.996354433459653,0.995714521180155,0.0493827160493827,0.0493827160493827,0.0493827160493827,0.999944812362031,0.999944812362031,0.0493827160493827,0.800000000000047,0.995768300725434,0.995768300725434,0.800000000000047,0.524663764205707,0.524663764205707,53.1429999999964
0.85,7,41,0.99634473790022,0.995769463216307,0.0493827160493827,0.0493827160493827,0.0493827160493827,1,1,0.0493827160493827,1,0.995768533274716,0.995768533274716,1,0.524691358024691,0.524691358024691,99.5499999999956
0.85,7,61,0.996305955192442,0.995769463216307,0.0493827160493827,0.0493827160493827,0.0493827160493827,1,1,0.0493827160493827,1,0.995768533274716,0.995768533274716,1,0.524691358024691,0.524691358024691,145.852000000006
0.85,7,81,0.996286564073575,0.995769463216307,0.0493827160493827,0.0493827160493827,0.0493827160493827,1,1,0.0493827160493827,1,0.995768533274716,0.995768533274716,1,0.524691358024691,0.524691358024691,192.125
0.85,7,101,0.996276869454225,0.995769463216307,0.0493827160493827,0.0493827160493827,0.0493827160493827,1,1,0.0493827160493827,1,0.995768533274716,0.995768533274716,1,0.524691358024691,0.524691358024691,223.186000000002
0.85,7,121,0.996286565013659,0.995769463216307,0.0493827160493827,0.0493827160493827,0.0493827160493827,1,1,0.0493827160493827,1,0.995768533274716,0.995768533274716,1,0.524691358024691,0.524691358024691,264.180999999997
0.85,7,141,0.996286565483701,0.995769463216307,0.0493827160493827,0.0493827160493827,0.0493827160493827,1,1,0.0493827160493827,1,0.995768533274716,0.995768533274716,1,0.524691358024691,0.524691358024691,310.312999999995
0.85,7,161,0.996276868984183,0.995769463216307,0.0493827160493827,0.0493827160493827,0.0493827160493827,1,1,0.0493827160493827,1,0.995768533274716,0.995768533274716,1,0.524691358024691,0.524691358024691,375.331000000006
0.85,7,181,0.996286564543617,0.995769463216307,0.0493827160493827,0.0493827160493827,0.0493827160493827,1,1,0.0493827160493827,1,0.995768533274716,0.995768533274716,1,0.524691358024691,0.524691358024691,417.982999999993
0.85,7,201,0.996296260573093,0.995769463216307,0.0493827160493827,0.0493827160493827,0.0493827160493827,1,1,0.0493827160493827,1,0.995768533274716,0.995768533274716,1,0.524691358024691,0.524691358024691,471.347999999998
0.85,10,1,0.992679138121541,0.993846153846154,0.0645161290322581,0.0645161290322581,0.0645161290322581,0.99702282500827,0.99702282500827,0.0645161290322581,0.0689655172413784,0.996802998566861,0.996802998566861,0.0689655172413784,0.530769477020264,0.530769477020264,7.91399999998976
0.85,10,21,0.996218366106839,0.996483516483517,0.0645161290322581,0.0645161290322581,0.0645161290322581,0.999669202778697,0.999669202778697,0.0645161290322581,0.399999999999988,0.996811434854315,0.996811434854315,0.399999999999988,0.532092665905477,0.532092665905477,54.2400000000052
0.85,10,41,0.996208669137142,0.996538461538461,0.0645161290322581,0.0645161290322581,0.0645161290322581,0.999724335648914,0.999724335648914,0.0645161290322581,0.444444444444398,0.996811610136881,0.996811610136881,0.444444444444398,0.532120232340586,0.532120232340586,100.824999999997
0.85,10,61,0.996208669137188,0.996538461538461,0.0483870967741935,0.0483870967741935,0.0483870967741935,0.999779468519131,0.999779468519131,0.0483870967741935,0.428571428571457,0.996756994448414,0.996756994448414,0.428571428571457,0.524083282646662,0.524083282646662,145.970000000001
0.85,10,81,0.996208669607321,0.996538461538461,0.0645161290322581,0.0645161290322581,0.0645161290322581,0.999724335648914,0.999724335648914,0.0645161290322581,0.444444444444398,0.996811610136881,0.996811610136881,0.444444444444398,0.532120232340586,0.532120232340586,194.387000000002
0.85,10,101,0.996237758165791,0.996483516483517,0.0483870967741935,0.0483870967741935,0.0483870967741935,0.999724335648914,0.999724335648914,0.0483870967741935,0.374999999999956,0.996756816182938,0.996756816182938,0.374999999999956,0.524055716211554,0.524055716211554,242.516000000003
0.85,10,121,0.996228061196139,0.996538461538461,0.0483870967741935,0.0483870967741935,0.0483870967741935,0.999779468519131,0.999779468519131,0.0483870967741935,0.428571428571457,0.996756994448414,0.996756994448414,0.428571428571457,0.524083282646662,0.524083282646662,293.259000000005
0.85,10,141,0.996218365166709,0.996483516483517,0.0483870967741935,0.0483870967741935,0.0483870967741935,0.999724335648914,0.999724335648914,0.0483870967741935,0.374999999999956,0.996756816182938,0.996756816182938,0.374999999999956,0.524055716211554,0.524055716211554,336.877000000008
0.85,10,161,0.996228062606494,0.996483516483517,0.0483870967741935,0.0483870967741935,0.0483870967741935,0.999724335648914,0.999724335648914,0.0483870967741935,0.374999999999956,0.996756816182938,0.996756816182938,0.374999999999956,0.524055716211554,0.524055716211554,380.115999999995
0.85,10,181,0.996257151635097,0.996483516483517,0.0483870967741935,0.0483870967741935,0.0483870967741935,0.999724335648914,0.999724335648914,0.0483870967741935,0.374999999999956,0.996756816182938,0.996756816182938,0.374999999999956,0.524055716211554,0.524055716211554,426.483999999997
0.85,10,201,0.996257151635097,0.996538461538461,0.0483870967741935,0.0483870967741935,0.0483870967741935,0.999779468519131,0.999779468519131,0.0483870967741935,0.428571428571457,0.996756994448414,0.996756994448414,0.428571428571457,0.524083282646662,0.524083282646662,476.092999999993
0.85,13,1,0.992998382101764,0.991812287064513,0.0410958904109589,0.0410958904109589,0.0410958904109589,0.995641379310345,0.995641379310345,0.0410958904109589,0.0365853658536583,0.99613601236476,0.99613601236476,0.0365853658536583,0.518368634860652,0.518368634860652,7.5280000000057
0.85,13,21,0.996256752937473,0.996373227827234,0.10958904109589,0.10958904109589,0.10958904109589,0.999944827586207,0.999944827586207,0.10958904109589,0.88888888888879,0.996426411567431,0.996426411567431,0.88888888888879,0.554766934341049,0.554766934341049,54.1630000000005
0.85,13,41,0.996266448966812,0.996373227827234,0.136986301369863,0.136986301369863,0.136986301369863,0.999834482758621,0.999834482758621,0.136986301369863,0.769230769230711,0.996535606268903,0.996535606268903,0.769230769230711,0.568410392064242,0.568410392064242,100.012999999992
0.85,13,61,0.996237358057722,0.996043521266073,0.0273972602739726,0.0273972602739726,0.0273972602739726,0.999944827586207,0.999944827586207,0.0273972602739726,0.666666666666444,0.996097829073921,0.996097829073921,0.666666666666444,0.51367104393009,0.51367104393009,138.001999999993
0.85,13,81,0.996247055967822,0.996318276733707,0.123287671232877,0.123287671232877,0.123287671232877,0.999834482758621,0.999834482758621,0.123287671232877,0.749999999999938,0.996480809413835,0.996480809413835,0.749999999999938,0.561561076995749,0.561561076995749,194.970000000001
0.85,13,101,0.996276147347092,0.99626332564018,0.10958904109589,0.10958904109589,0.10958904109589,0.999834482758621,0.999834482758621,0.10958904109589,0.727272727272662,0.996426018584703,0.996426018584703,0.727272727272662,0.554711761927255,0.554711761927255,241.289000000004
0.85,13,121,0.996276147347092,0.99626332564018,0.10958904109589,0.10958904109589,0.10958904109589,0.999834482758621,0.999834482758621,0.10958904109589,0.727272727272662,0.996426018584703,0.996426018584703,0.727272727272662,0.554711761927255,0.554711761927255,284.070000000007
0.85,13,141,0.996266451317798,0.996153423453127,0.0821917808219178,0.0821917808219178,0.0821917808219178,0.999834482758621,0.999834482758621,0.0821917808219178,0.666666666666593,0.996316455000275,0.996316455000275,0.666666666666593,0.541013131790269,0.541013131790269,332.180999999997
0.85,13,161,0.996256753407698,0.996208374546653,0.0821917808219178,0.0821917808219178,0.0821917808219178,0.999889655172414,0.999889655172414,0.0821917808219178,0.750000000000001,0.996316657504123,0.996316657504123,0.750000000000001,0.541040717997166,0.541040717997166,379.422999999995
0.85,13,181,0.996256752467294,0.996208374546653,0.0821917808219178,0.0821917808219178,0.0821917808219178,0.999889655172414,0.999889655172414,0.0821917808219178,0.750000000000001,0.996316657504123,0.996316657504123,0.750000000000001,0.541040717997166,0.541040717997166,425.752000000008
0.85,13,201,0.996256752467294,0.996153423453127,0.0821917808219178,0.0821917808219178,0.0821917808219178,0.999834482758621,0.999834482758621,0.0821917808219178,0.666666666666593,0.996316455000275,0.996316455000275,0.666666666666593,0.541013131790269,0.541013131790269,473.585000000006
0.85,16,1,0.992735592805056,0.992470872719279,0.0340909090909091,0.0340909090909091,0.0340909090909091,0.997128341064723,0.997128341064723,0.0340909090909091,0.0545454545454552,0.995314481009867,0.995314481009867,0.0545454545454552,0.515609625077816,0.515609625077816,7.33899999999267
0.85,16,21,0.996430824351722,0.995218729391075,0.0568181818181818,0.0568181818181818,0.0568181818181818,0.999779103158825,0.999779103158825,0.0568181818181818,0.555555555555511,0.995436300654314,0.995436300654314,0.555555555555511,0.528298642488503,0.528298642488503,51.625
0.85,16,41,0.996440521321145,0.995273686524511,0.0568181818181818,0.0568181818181818,0.0568181818181818,0.999834327369119,0.999834327369119,0.0568181818181818,0.624999999999958,0.995436551572465,0.995436551572465,0.624999999999958,0.52832625459365,0.52832625459365,96.169000000009
0.85,16,61,0.9964405213211,0.995163772257639,0.0454545454545455,0.0454545454545455,0.0454545454545455,0.999779103158825,0.999779103158825,0.0454545454545455,0.499999999999955,0.99538157026611,0.99538157026611,0.499999999999955,0.522616824306685,0.522616824306685,140.984999999986
0.85,16,81,0.996430821059375,0.995328643657947,0.0454545454545455,0.0454545454545455,0.0454545454545455,0.999944775789706,0.999944775789706,0.0454545454545455,0.799999999999971,0.995382331922379,0.995382331922379,0.799999999999971,0.522699660622126,0.522699660622126,183.957999999999
0.85,16,101,0.996411423828319,0.995328643657947,0.0454545454545455,0.0454545454545455,0.0454545454545455,0.999944775789706,0.999944775789706,0.0454545454545455,0.799999999999971,0.995382331922379,0.995382331922379,0.799999999999971,0.522699660622126,0.522699660622126,228.502999999997
0.85,16,121,0.996392025656585,0.995328643657947,0.0568181818181818,0.0568181818181818,0.0568181818181818,0.999889551579412,0.999889551579412,0.0568181818181818,0.714285714285677,0.995436802463027,0.995436802463027,0.714285714285677,0.528353866698797,0.528353866698797,274.56700000001
0.85,16,141,0.996411422887642,0.995328643657947,0.0681818181818182,0.0681818181818182,0.0681818181818182,0.999834327369119,0.999834327369119,0.0681818181818182,0.666666666666627,0.99549128498378,0.99549128498378,0.666666666666627,0.534008072775468,0.534008072775468,316.181999999986
0.85,16,161,0.996411423357957,0.995273686524511,0.0454545454545455,0.0454545454545455,0.0454545454545455,0.999889551579412,0.999889551579412,0.0454545454545455,0.666666666666627,0.995382078064871,0.995382078064871,0.666666666666627,0.522672048516979,0.522672048516979,362.457999999999
0.85,16,181,0.996411423357957,0.995218729391075,0.0454545454545455,0.0454545454545455,0.0454545454545455,0.999834327369119,0.999834327369119,0.0454545454545455,0.571428571428527,0.995381824179449,0.995381824179449,0.571428571428527,0.522644436411832,0.522644436411832,405.896999999997
0.85,16,201,0.996411423357957,0.995273686524511,0.0454545454545455,0.0454545454545455,0.0454545454545455,0.999889551579412,0.999889551579412,0.0454545454545455,0.666666666666627,0.995382078064871,0.995382078064871,0.666666666666627,0.522672048516979,0.522672048516979,453.263999999996
0.85,19,1,0.992627728487145,0.99191996921893,0,0,0,0.99531189675142,0.99531189675142,0,0,0.996576098961785,0.996576098961785,0,0.49765594837571,0.49765594837571,7.65600000000268
0.85,19,21,0.996187760838643,0.996921893035783,0.112903225806452,0.112903225806452,0.112903225806452,0.999944845844134,0.999944845844134,0.112903225806452,0.874999999999978,0.996975529282376,0.996975529282376,0.874999999999978,0.556424035825293,0.556424035825293,48.8350000000064
0.85,19,41,0.996139259999515,0.996756994448414,0.0483870967741935,0.0483870967741935,0.0483870967741935,1,1,0.0483870967741935,1,0.996756459593183,0.996756459593183,1,0.524193548387097,0.524193548387097,90.5489999999991
0.85,19,61,0.996158659582378,0.996811960644204,0.0645161290322581,0.0645161290322581,0.0645161290322581,1,1,0.0645161290322581,1,0.996811259552477,0.996811259552477,1,0.532258064516129,0.532258064516129,132.406999999992
0.85,19,81,0.996168361255734,0.996756994448414,0.0483870967741935,0.0483870967741935,0.0483870967741935,1,1,0.0483870967741935,1,0.996756459593183,0.996756459593183,1,0.524193548387097,0.524193548387097,177.061000000002
0.85,19,101,0.996168361255734,0.996702028252625,0.032258064516129,0.032258064516129,0.032258064516129,1,1,0.032258064516129,1,0.996701665658842,0.996701665658842,1,0.516129032258065,0.516129032258065,217.119999999995
0.85,19,121,0.996168361255734,0.996756994448414,0.0483870967741935,0.0483870967741935,0.0483870967741935,1,1,0.0483870967741935,1,0.996756459593183,0.996756459593183,1,0.524193548387097,0.524193548387097,261.327000000005
0.85,19,141,0.996158660523329,0.996756994448414,0.0483870967741935,0.0483870967741935,0.0483870967741935,1,1,0.0483870967741935,1,0.996756459593183,0.996756459593183,1,0.524193548387097,0.524193548387097,306.913
0.85,19,161,0.996158660523329,0.996702028252625,0.0483870967741935,0.0483870967741935,0.0483870967741935,0.999944845844134,0.999944845844134,0.0483870967741935,0.749999999999963,0.996756281268899,0.996756281268899,0.749999999999963,0.524165971309164,0.524165971309164,348.152000000002
0.85,19,181,0.996158660523329,0.996702028252625,0.0483870967741935,0.0483870967741935,0.0483870967741935,0.999944845844134,0.999944845844134,0.0483870967741935,0.749999999999963,0.996756281268899,0.996756281268899,0.749999999999963,0.524165971309164,0.524165971309164,387.664999999994
0.85,19,201,0.996168361255734,0.996756994448414,0.0645161290322581,0.0645161290322581,0.0645161290322581,0.999944845844134,0.999944845844134,0.0645161290322581,0.799999999999968,0.996811084231361,0.996811084231361,0.799999999999968,0.532230487438196,0.532230487438196,432.281999999992
0.85,22,1,0.992868996980664,0.992412996866238,0.0133333333333333,0.0133333333333333,0.0133333333333333,0.996466821243237,0.996466821243237,0.0133333333333333,0.0153846153846153,0.995917016111234,0.995917016111234,0.0153846153846153,0.504900077288285,0.504900077288285,7.79700000000594
0.85,22,21,0.996313221923476,0.996041563582385,0.04,0.04,0.04,1,1,0.04,1,0.996040910590564,0.996040910590564,1,0.52,0.52,49.0680000000139
0.85,22,41,0.996352030029536,0.996096541865963,0.0533333333333333,0.0533333333333333,0.0533333333333333,1,1,0.0533333333333333,1,0.99609568325543,0.99609568325543,1,0.526666666666667,0.526666666666667,91.8349999999919
0.85,22,61,0.996322924538285,0.996261476716697,0.106666666666667,0.106666666666667,0.106666666666667,0.999944794081926,0.999944794081926,0.106666666666667,0.888888888888926,0.996314631463146,0.996314631463146,0.888888888888926,0.553305730374296,0.553305730374296,140.024000000005
0.85,22,81,0.996332627153094,0.996261476716697,0.106666666666667,0.106666666666667,0.106666666666667,0.999944794081926,0.999944794081926,0.106666666666667,0.888888888888926,0.996314631463146,0.996314631463146,0.888888888888926,0.553305730374296,0.553305730374296,185.708000000013
0.85,22,101,0.996313222394111,0.996261476716697,0.106666666666667,0.106666666666667,0.106666666666667,0.999944794081926,0.999944794081926,0.106666666666667,0.888888888888926,0.996314631463146,0.996314631463146,0.888888888888926,0.553305730374296,0.553305730374296,228.039999999994
0.85,22,121,0.996313221923476,0.996096541865963,0.0533333333333333,0.0533333333333333,0.0533333333333333,1,1,0.0533333333333333,1,0.99609568325543,0.99609568325543,1,0.526666666666667,0.526666666666667,257.892000000007
0.85,22,141,0.996313221923476,0.996096541865963,0.0533333333333333,0.0533333333333333,0.0533333333333333,1,1,0.0533333333333333,1,0.99609568325543,0.99609568325543,1,0.526666666666667,0.526666666666667,302.305999999997
0.85,22,161,0.996342327885362,0.996096541865963,0.0533333333333333,0.0533333333333333,0.0533333333333333,1,1,0.0533333333333333,1,0.99609568325543,0.99609568325543,1,0.526666666666667,0.526666666666667,347.725999999995
0.85,22,181,0.99632292406765,0.996096541865963,0.0533333333333333,0.0533333333333333,0.0533333333333333,1,1,0.0533333333333333,1,0.99609568325543,0.99609568325543,1,0.526666666666667,0.526666666666667,388.134000000005
0.85,22,201,0.996322923597015,0.996096541865963,0.0533333333333333,0.0533333333333333,0.0533333333333333,1,1,0.0533333333333333,1,0.99609568325543,0.99609568325543,1,0.526666666666667,0.526666666666667,429.277999999991
