"porcentagem","horas","ntrees","acuracia_total_treino","acuracia_total_teste","acuracia_nevoa","acuracia_visivel","sens_nevoa","sens_visivel","spec_nevoa","spec_visivel","ppv_nevoa","ppv_visivel","npv_nevoa","npv_visivel","bal_acc_nevoa","bal_acc_visivel","runtime_sec"
0.15,1,1,0.992239690440668,0.993615584916578,0.208333333333333,0.208333333333333,0.208333333333333,0.996351495209523,0.996351495209523,0.208333333333333,0.165929203539825,0.997239388597222,0.997239388597222,0.165929203539825,0.602342414271428,0.602342414271428,3.802
0.15,1,21,0.995464062712348,0.996769215932105,0.172222222222222,0.172222222222222,0.172222222222222,0.99964192393303,0.99964192393303,0.172222222222222,0.626262626262618,0.997123302217374,0.997123302217374,0.626262626262618,0.585932073077626,0.585932073077626,3.533
0.15,1,41,0.995518752324159,0.996778860063651,0.205555555555556,0.205555555555556,0.205555555555556,0.999535468886093,0.999535468886093,0.205555555555556,0.606557377049194,0.997238529275452,0.997238529275452,0.606557377049194,0.602545512220824,0.602545512220824,5.947
0.15,1,61,0.995409447772317,0.996788504195197,0.2,0.2,0.2,0.999564502080712,0.999564502080712,0.2,0.615384615384591,0.997219352533962,0.997219352533962,0.615384615384591,0.599782251040356,0.599782251040356,8.753
0.15,1,81,0.995409432837961,0.996856013116019,0.180555555555556,0.180555555555556,0.180555555555556,0.999699990322268,0.999699990322268,0.180555555555556,0.677083333333302,0.99715234473039,0.99715234473039,0.677083333333302,0.590127772938912,0.590127772938912,10.447
0.15,1,101,0.995354743226149,0.996778860063651,0.2,0.2,0.2,0.999554824349173,0.999554824349173,0.2,0.610169491525412,0.997219325686479,0.997219325686479,0.610169491525412,0.599777412174586,0.599777412174586,13.672
0.15,1,121,0.995354773094862,0.996798148326743,0.183333333333333,0.183333333333333,0.183333333333333,0.99963224620149,0.99963224620149,0.183333333333333,0.634615384615392,0.997161778618732,0.997161778618732,0.634615384615392,0.591482789767412,0.591482789767412,15.312
0.15,1,141,0.995409402969249,0.996817436589835,0.2,0.2,0.2,0.999593535275331,0.999593535275331,0.2,0.631578947368418,0.997219433073299,0.997219433073299,0.631578947368418,0.599796767637666,0.599796767637666,18.712
0.15,1,161,0.995300113351762,0.996798148326743,0.197222222222222,0.197222222222222,0.197222222222222,0.999583857543792,0.999583857543792,0.197222222222222,0.62280701754387,0.997209778327026,0.997209778327026,0.62280701754387,0.598403039883007,0.598403039883007,21.013
0.15,1,181,0.995354758160506,0.996817436589835,0.194444444444444,0.194444444444444,0.194444444444444,0.999612890738411,0.999612890738411,0.194444444444444,0.636363636363605,0.997200231704962,0.997200231704962,0.636363636363605,0.597028667591428,0.597028667591428,23.969
0.15,1,201,0.995354728291793,0.996730639405922,0.0638888888888889,0.0638888888888889,0.0638888888888889,0.999980644536921,0.999980644536921,0.0638888888888889,0.92000000000018,0.996749143876911,0.996749143876911,0.92000000000018,0.531934766712905,0.531934766712905,23.521
0.15,4,1,0.989670548105801,0.989564747750441,0.0277777777777778,0.0277777777777778,0.0277777777777778,0.992915694832909,0.992915694832909,0.0277777777777778,0.013477088948787,0.996600126281024,0.996600126281024,0.013477088948787,0.510346736305343,0.510346736305343,1.03399999999999
0.15,4,21,0.994917226331659,0.996489434548208,0,0,0,0.999961287949907,0.999961287949907,0,0,0.996527878244264,0.996527878244264,0,0.499980643974953,0.499980643974953,3.70999999999998
0.15,4,41,0.994698587359262,0.996489434548208,0.00277777777777778,0.00277777777777778,0.00277777777777778,0.999951609937383,0.999951609937383,0.00277777777777778,0.166666666666788,0.996537456235954,0.996537456235954,0.166666666666788,0.501364693857581,0.501364693857581,6.94
0.15,4,61,0.99475329190543,0.996219391051916,0.00555555555555556,0.00555555555555556,0.00555555555555556,0.999670947574206,0.999670947574206,0.00555555555555556,0.0555555555555553,0.996546101822462,0.996546101822462,0.0555555555555553,0.502613251564881,0.502613251564881,9.804
0.15,4,81,0.994753262036718,0.996499078958789,0,0,0,0.99997096596243,0.99997096596243,0,0,0.9965279117318,0.9965279117318,0,0.499985482981215,0.499985482981215,11.911
0.15,4,101,0.99475329190543,0.996325479568316,0.00277777777777778,0.00277777777777778,0.00277777777777778,0.999787083724486,0.999787083724486,0.00277777777777778,0.0434782608695624,0.996536888408705,0.996536888408705,0.0434782608695624,0.501282430751132,0.501282430751132,15.138
0.15,4,121,0.994807921779817,0.996489434548208,0,0,0,0.999961287949907,0.999961287949907,0,0,0.996527878244264,0.996527878244264,0,0.499980643974953,0.499980643974953,17.539
0.15,4,141,0.994862581522916,0.996489434548208,0,0,0,0.999961287949907,0.999961287949907,0,0,0.996527878244264,0.996527878244264,0,0.499980643974953,0.499980643974953,20.089
0.15,4,161,0.994862581522916,0.996499078958789,0,0,0,0.99997096596243,0.99997096596243,0,0,0.9965279117318,0.9965279117318,0,0.499985482981215,0.499985482981215,22.914
0.15,4,181,0.994862596457272,0.996431568084717,0,0,0,0.999903219874766,0.999903219874766,0,0,0.996527677305478,0.996527677305478,0,0.499951609937383,0.499951609937383,27.347
0.15,4,201,0.994862581522916,0.996508723369371,0,0,0,0.999980643974953,0.999980643974953,0,0,0.996527945218691,0.996527945218691,0,0.499990321987477,0.499990321987477,28.15
0.15,7,1,0.989833765682941,0.98913012027276,0.0277777777777778,0.0277777777777778,0.0277777777777778,0.992479747582776,0.992479747582776,0.0277777777777778,0.0127064803049555,0.996598441114156,0.996598441114156,0.0127064803049555,0.510128762680277,0.510128762680277,1.07799999999997
0.15,7,21,0.994534339311556,0.995582604334449,0.00833333333333333,0.00833333333333333,0.00833333333333333,0.999022463971506,0.999022463971506,0.00833333333333333,0.0288461538461543,0.996553288857565,0.996553288857565,0.0288461538461543,0.50367789865242,0.50367789865242,3.88099999999997
0.15,7,41,0.994862252967083,0.995852663458107,0.00555555555555556,0.00555555555555556,0.00555555555555556,0.999303142633153,0.999303142633153,0.00555555555555556,0.0270270270270277,0.996544635015009,0.996544635015009,0.0270270270270277,0.502429349094354,0.502429349094354,6.75
0.15,7,61,0.994752933480885,0.995968403082532,0.00277777777777778,0.00277777777777778,0.00277777777777778,0.999428964102167,0.999428964102167,0.00277777777777778,0.0166666666666681,0.996535451308132,0.996535451308132,0.0166666666666681,0.501103370939972,0.501103370939972,9.80799999999999
0.15,7,81,0.994643613994686,0.996026272894744,0.00277777777777778,0.00277777777777778,0.00277777777777778,0.999487035549404,0.999487035549404,0.00277777777777778,0.0185185185185199,0.996535651905391,0.996535651905391,0.0185185185185199,0.501132406663591,0.501132406663591,12.885
0.15,7,101,0.994752933480885,0.995997337988638,0.00277777777777778,0.00277777777777778,0.00277777777777778,0.999457999825786,0.999457999825786,0.00277777777777778,0.0175438596491225,0.996535551609666,0.996535551609666,0.0175438596491225,0.501117888801782,0.501117888801782,15.66
0.15,7,121,0.994698273737786,0.996064852769553,0.00277777777777778,0.00277777777777778,0.00277777777777778,0.999525749847562,0.999525749847562,0.00277777777777778,0.0200000000000013,0.996535785623993,0.996535785623993,0.0200000000000013,0.50115176381267,0.50115176381267,18.293
0.15,7,141,0.994807593223984,0.996103432644361,0.00277777777777778,0.00277777777777778,0.00277777777777778,0.999564464145721,0.999564464145721,0.00277777777777778,0.0217391304347838,0.996535919332272,0.996535919332272,0.0217391304347838,0.501171120961749,0.501171120961749,21.181
0.15,7,161,0.994807593223984,0.996103432644361,0.00277777777777778,0.00277777777777778,0.00277777777777778,0.999564464145721,0.999564464145721,0.00277777777777778,0.0217391304347838,0.996535919332272,0.996535919332272,0.0217391304347838,0.501171120961749,0.501171120961749,24.01
0.15,7,181,0.994698273737786,0.996103432644361,0.00277777777777778,0.00277777777777778,0.00277777777777778,0.999564464145721,0.999564464145721,0.00277777777777778,0.0217391304347838,0.996535919332272,0.996535919332272,0.0217391304347838,0.501171120961749,0.501171120961749,26.919
0.15,7,201,0.994698273737786,0.996093787675659,0.00277777777777778,0.00277777777777778,0.00277777777777778,0.999554785571181,0.999554785571181,0.00277777777777778,0.0212765957446795,0.99653588590617,0.99653588590617,0.0212765957446795,0.501166281674479,0.501166281674479,29.747
0.15,10,1,0.989559989068051,0.989785091442241,0.0138888888888889,0.0138888888888889,0.0138888888888889,0.993185689948893,0.993185689948893,0.0138888888888889,0.00705218617771509,0.996552159513612,0.996552159513612,0.00705218617771509,0.503537289418891,0.503537289418891,1.10300000000007
0.15,10,21,0.994752664662476,0.981287136353114,0.0694444444444444,0.0694444444444444,0.0694444444444444,0.984464534613598,0.984464534613598,0.0694444444444444,0.0153374233128834,0.996717038082358,0.996717038082358,0.0153374233128834,0.526954489529021,0.526954489529021,3.99699999999996
0.15,10,41,0.994807324405575,0.97978239061656,0.0833333333333333,0.0833333333333333,0.0833333333333333,0.982906148366114,0.982906148366114,0.0833333333333333,0.0167037861915368,0.996760767992461,0.996760767992461,0.0167037861915368,0.533119740849724,0.533119740849724,6.88999999999999
0.15,10,61,0.994752664662476,0.97815224940196,0.0888888888888889,0.0888888888888889,0.0888888888888889,0.981250967941769,0.981250967941769,0.0888888888888889,0.0162519045200609,0.996774923060283,0.996774923060283,0.0162519045200609,0.535069928415329,0.535069928415329,9.798
0.15,10,81,0.994752664662476,0.975895130797129,0.0861111111111111,0.0861111111111111,0.0861111111111111,0.978995663620877,0.978995663620877,0.0861111111111111,0.0140845070422535,0.996757694316603,0.996757694316603,0.0140845070422535,0.532553387365994,0.532553387365994,12.5699999999999
0.15,10,101,0.994807324405575,0.976309900455282,0.0888888888888889,0.0888888888888889,0.0888888888888889,0.979402199163698,0.979402199163698,0.0888888888888889,0.0148148148148148,0.996768854913705,0.996768854913705,0.0148148148148148,0.534145544026294,0.534145544026294,15.952
0.15,10,121,0.994861984148675,0.976020526275176,0.0888888888888889,0.0888888888888889,0.0888888888888889,0.979111816633111,0.979111816633111,0.0888888888888889,0.0146118721461187,0.99676789972606,0.99676789972606,0.0146118721461187,0.534000352761,0.534000352761,18.3770000000001
0.15,10,141,0.994752664662476,0.976406358515318,0.0888888888888889,0.0888888888888889,0.0888888888888889,0.979498993340561,0.979498993340561,0.0888888888888889,0.0148837209302326,0.996769173184137,0.996769173184137,0.0148837209302326,0.534193941114725,0.534193941114725,21.755
0.15,10,161,0.994861984148675,0.975827610155105,0.0888888888888889,0.0888888888888889,0.0888888888888889,0.978918228279387,0.978918228279387,0.0888888888888889,0.0144796380090498,0.996767262620488,0.996767262620488,0.0144796380090498,0.533903558584138,0.533903558584138,24.553
0.15,10,181,0.994861984148675,0.975586465005016,0.0888888888888889,0.0888888888888889,0.0888888888888889,0.978676242837231,0.978676242837231,0.0888888888888889,0.014317673378076,0.996766465885229,0.996766465885229,0.014317673378076,0.53378256586306,0.53378256586306,27.991
0.15,10,201,0.994807324405575,0.975711860483062,0.0888888888888889,0.0888888888888889,0.0888888888888889,0.978802075267152,0.978802075267152,0.0888888888888889,0.0144014401440144,0.99676688023657,0.99676688023657,0.0144014401440144,0.53384548207802,0.53384548207802,30.827
0.15,13,1,0.988738718209599,0.985153529292598,0.0194444444444444,0.0194444444444444,0.0194444444444444,0.988518988199533,0.988518988199533,0.0194444444444444,0.00586756077116514,0.996555022055666,0.996555022055666,0.00586756077116514,0.503981716321989,0.503981716321989,1.11800000000005
0.15,13,21,0.994478783188647,0.995745748159867,0.00277777777777778,0.00277777777777778,0.00277777777777778,0.999206203231334,0.999206203231334,0.00277777777777778,0.0120481927710845,0.996534013014347,0.996534013014347,0.0120481927710845,0.500991990504556,0.500991990504556,4.05900000000008
0.15,13,41,0.994369418874885,0.996160561831354,0.00277777777777778,0.00277777777777778,0.00277777777777778,0.999622462512464,0.999622462512464,0.00277777777777778,0.0249999999999989,0.996535451308132,0.996535451308132,0.0249999999999989,0.501200120145121,0.501200120145121,6.71299999999997
0.15,13,61,0.994424063675463,0.996150915001785,0,0,0,0.999622462512464,0.999622462512464,0,0,0.996525834282295,0.996525834282295,0,0.499811231256232,0.499811231256232,9.78200000000004
0.15,13,81,0.994424063675463,0.996208795979201,0,0,0,0.999680545202854,0.999680545202854,0,0,0.996526035434439,0.996526035434439,0,0.499840272601427,0.499840272601427,12.741
0.15,13,101,0.994478723418562,0.996285970615757,0,0,0,0.999757988790041,0.999757988790041,0,0,0.996526303601065,0.996526303601065,0,0.49987899439502,0.49987899439502,15.5899999999999
0.15,13,121,0.994424048732941,0.996314911104466,0,0,0,0.999787030135236,0.999787030135236,0,0,0.996526404152877,0.996526404152877,0,0.499893515067618,0.499893515067618,18.2969999999999
0.15,13,141,0.994478723418562,0.996285970615757,0,0,0,0.999757988790041,0.999757988790041,0,0,0.996526303601065,0.996526303601065,0,0.49987899439502,0.49987899439502,21.186
0.15,13,161,0.994478723418562,0.996314911104466,0,0,0,0.999787030135236,0.999787030135236,0,0,0.996526404152877,0.996526404152877,0,0.499893515067618,0.499893515067618,24.0550000000001
0.15,13,181,0.994478723418562,0.996266676956618,0,0,0,0.999738627893244,0.999738627893244,0,0,0.99652623656329,0.99652623656329,0,0.499869313946622,0.499869313946622,27.547
0.15,13,201,0.994478723418562,0.996266676956618,0,0,0,0.999738627893244,0.999738627893244,0,0,0.99652623656329,0.99652623656329,0,0.499869313946622,0.499869313946622,30.131
0.15,16,1,0.990049207217058,0.991635149737573,0.00277777777777778,0.00277777777777778,0.00277777777777778,0.995081713267756,0.995081713267756,0.00277777777777778,0.00196463654223969,0.996519260415556,0.996519260415556,0.00196463654223969,0.498929745522767,0.498929745522767,0.997999999999934
0.15,16,21,0.99507927829415,0.996227616548317,0.00277777777777778,0.00277777777777778,0.00277777777777778,0.999690186662536,0.999690186662536,0.00277777777777778,0.030303030303032,0.996535250687642,0.996535250687642,0.030303030303032,0.501233982220157,0.501233982220157,3.952
0.15,16,41,0.995024603608529,0.996468817536277,0.00277777777777778,0.00277777777777778,0.00277777777777778,0.99993222833243,0.99993222833243,0.00277777777777778,0.124999999999939,0.996536086453107,0.996536086453107,0.124999999999939,0.501355003055104,0.501355003055104,7.02199999999993
0.15,16,61,0.994915254237288,0.99644952145724,0,0,0,0.999922546665634,0.999922546665634,0,0,0.996526437668854,0.996526437668854,0,0.499961273332817,0.499961273332817,10.1800000000001
0.15,16,81,0.995024603608529,0.996478465575795,0,0,0,0.999951591666021,0.999951591666021,0,0,0.996526538212904,0.996526538212904,0,0.499975795833011,0.499975795833011,13.833
0.15,16,101,0.994969928922909,0.996410929299166,0,0,0,0.999883819998451,0.999883819998451,0,0,0.996526303601065,0.996526303601065,0,0.499941909999225,0.499941909999225,16.749
0.15,16,121,0.995024603608529,0.996410929299166,0.00277777777777778,0.00277777777777778,0.00277777777777778,0.999874138331655,0.999874138331655,0.00277777777777778,0.071428571428568,0.99653588590617,0.99653588590617,0.071428571428568,0.501325958054716,0.501325958054716,19.9390000000001
0.15,16,141,0.99507927829415,0.996410929299166,0,0,0,0.999883819998451,0.999883819998451,0,0,0.996526303601065,0.996526303601065,0,0.499941909999225,0.499941909999225,22.515
0.15,16,161,0.994969928922909,0.996459169496758,0,0,0,0.99993222833243,0.99993222833243,0,0,0.996526471184184,0.996526471184184,0,0.499966114166215,0.499966114166215,25.593
0.15,16,181,0.995024603608529,0.996459169496758,0,0,0,0.99993222833243,0.99993222833243,0,0,0.996526471184184,0.996526471184184,0,0.499966114166215,0.499966114166215,28.452
0.15,16,201,0.995024603608529,0.996459169496758,0,0,0,0.99993222833243,0.99993222833243,0,0,0.996526471184184,0.996526471184184,0,0.499966114166215,0.499966114166215,32.174
0.15,19,1,0.989883433929074,0.977381503782615,0.0277777777777778,0.0277777777777778,0.0277777777777778,0.980691765434968,0.980691765434968,0.0277777777777778,0.00499001996007984,0.996556067225568,0.996556067225568,0.00499001996007984,0.504234771606373,0.504234771606373,1.11099999999988
0.15,19,21,0.994750422842985,0.996333178940868,0,0,0,0.999806336664343,0.999806336664343,0,0,0.996525498976952,0.996525498976952,0,0.499903168332171,0.499903168332171,4.22299999999996
0.15,19,41,0.994750407892292,0.996381426586383,0,0,0,0.999854752498257,0.999854752498257,0,0,0.996525666637714,0.996525666637714,0,0.499927376249129,0.499927376249129,7.06600000000003
0.15,19,61,0.994805097528606,0.996458622819206,0,0,0,0.99993221783252,0.99993221783252,0,0,0.996525934861279,0.996525934861279,0,0.49996610891626,0.49996610891626,10.2550000000001
0.15,19,81,0.994805082577912,0.996362127528177,0,0,0,0.999835386164691,0.999835386164691,0,0,0.996525599575351,0.996525599575351,0,0.499917693082346,0.499917693082346,13.47
0.15,19,101,0.994805082577912,0.996477921877412,0,0,0,0.999951584166086,0.999951584166086,0,0,0.996526001910699,0.996526001910699,0,0.499975792083043,0.499975792083043,16.3190000000002
0.15,19,121,0.994750407892292,0.996468272348309,0,0,0,0.999941900999303,0.999941900999303,0,0,0.996525968386312,0.996525968386312,0,0.499970950499651,0.499970950499651,19.222
0.15,19,141,0.994859772214226,0.996468272348309,0,0,0,0.999941900999303,0.999941900999303,0,0,0.996525968386312,0.996525968386312,0,0.499970950499651,0.499970950499651,22.4070000000002
0.15,19,161,0.994750407892292,0.996468272348309,0,0,0,0.999941900999303,0.999941900999303,0,0,0.996525968386312,0.996525968386312,0,0.499970950499651,0.499970950499651,24.8399999999999
0.15,19,181,0.994805097528606,0.996468272348309,0,0,0,0.999941900999303,0.999941900999303,0,0,0.996525968386312,0.996525968386312,0,0.499970950499651,0.499970950499651,28.665
0.15,19,201,0.994695718255978,0.996468272348309,0,0,0,0.999941900999303,0.999941900999303,0,0,0.996525968386312,0.996525968386312,0,0.499970950499651,0.499970950499651,31.078
0.15,22,1,0.990647653341902,0.988090297549535,0.0222222222222222,0.0222222222222222,0.0222222222222222,0.991457875315971,0.991457875315971,0.0222222222222222,0.00898876404494377,0.99657330880134,0.99657330880134,0.00898876404494377,0.506840048769097,0.506840048769097,1.27800000000002
0.15,22,21,0.994968329076038,0.995019929931572,0,0,0,0.99848914801507,0.99848914801507,0,0,0.996520293455252,0.996520293455252,0,0.499244574007535,0.499244574007535,4.75599999999986
0.15,22,41,0.994968299158294,0.994913765647168,0.00277777777777778,0.00277777777777778,0.00277777777777778,0.998372928631614,0.998372928631614,0.00277777777777778,0.00591715976331373,0.996529523220293,0.996529523220293,0.00591715976331373,0.500575353204696,0.500575353204696,7.52999999999997
0.15,22,61,0.994694850976725,0.995348074083368,0,0,0,0.998818436268196,0.998818436268196,0,0,0.996521436646665,0.996521436646665,0,0.499409218134098,0.499409218134098,11.396
0.15,22,81,0.99480421529048,0.995077837723066,0.00833333333333333,0.00833333333333333,0.00833333333333333,0.998518202860934,0.998518202860934,0.00833333333333333,0.0192307692307695,0.996549291009792,0.996549291009792,0.0192307692307695,0.503425768097134,0.503425768097134,14.1029999999998
0.15,22,101,0.994749540613039,0.995328771486203,0,0,0,0.998799066370953,0.998799066370953,0,0,0.996521369420905,0.996521369420905,0,0.499399533185476,0.499399533185476,18.4979999999998
0.15,22,121,0.994858934844538,0.995164699410306,0.00277777777777778,0.00277777777777778,0.00277777777777778,0.998624737295769,0.998624737295769,0.00277777777777778,0.00699300699300684,0.996530395283657,0.996530395283657,0.00699300699300684,0.500701257536773,0.500701257536773,22.298
0.15,22,141,0.99491360952198,0.995251561097546,0.00833333333333333,0.00833333333333333,0.00833333333333333,0.998692531936118,0.998692531936118,0.00833333333333333,0.0217391304347824,0.996549891278086,0.996549891278086,0.0217391304347824,0.503512932634726,0.503512932634726,24.3869999999999
0.15,22,161,0.994858934844538,0.995290166291875,0,0,0,0.998760326576468,0.998760326576468,0,0,0.996521234961589,0.996521234961589,0,0.499380163288234,0.499380163288234,28.9939999999999
0.15,22,181,0.994858934844538,0.995328771486203,0,0,0,0.998799066370953,0.998799066370953,0,0,0.996521369420905,0.996521369420905,0,0.499399533185476,0.499399533185476,32.682
0.15,22,201,0.99485894980341,0.995338422784786,0,0,0,0.998808751319574,0.998808751319574,0,0,0.99652140303411,0.99652140303411,0,0.499404375659787,0.499404375659787,35.5909999999999
0.25,1,1,0.98844911265751,0.956072323157192,0.093984962406015,0.093984962406015,0.093984962406015,0.958587930712946,0.958587930712946,0.093984962406015,0.00657894736842105,0.997249580589571,0.997249580589571,0.00657894736842105,0.52628644655948,0.52628644655948,1.94699999999989
0.25,1,21,0.993568288769895,0.990396289773908,0.0526315789473684,0.0526315789473684,0.0526315789473684,0.993132727053326,0.993132727053326,0.0526315789473684,0.0218749999999999,0.997224149895906,0.997224149895906,0.0218749999999999,0.522882153000347,0.522882153000347,9.63000000000011
0.25,1,41,0.99366673011526,0.991719807925796,0.0263157894736842,0.0263157894736842,0.0263157894736842,0.994536897879483,0.994536897879483,0.0263157894736842,0.0138613861386138,0.997151279174641,0.997151279174641,0.0138613861386138,0.510426343676583,0.510426343676583,17.0820000000001
0.25,1,61,0.993699533127839,0.994060575566324,0.018796992481203,0.018796992481203,0.018796992481203,0.996906436148623,0.996906436148623,0.018796992481203,0.0174216027874566,0.997136148174157,0.997136148174157,0.0174216027874566,0.507851714314913,0.507851714314913,24.481
0.25,1,81,0.99376516607602,0.993644925237632,0.0338345864661654,0.0338345864661654,0.0338345864661654,0.99644569259629,0.99644569259629,0.0338345864661654,0.0270270270270269,0.997178614557032,0.997178614557032,0.0270270270270269,0.515140139531228,0.515140139531228,32.135
0.25,1,101,0.993633905564262,0.993819935902344,0.0338345864661654,0.0338345864661654,0.0338345864661654,0.99662121394956,0.99662121394956,0.0338345864661654,0.0283911671924294,0.997179110047637,0.997179110047637,0.0283911671924294,0.515227900207862,0.515227900207862,39.77
0.25,1,121,0.993666719346051,0.993098016910405,0.0300751879699248,0.0300751879699248,0.0300751879699248,0.995908158451902,0.995908158451902,0.0300751879699248,0.0209973753280837,0.99716614309879,0.99716614309879,0.0209973753280837,0.512991673210913,0.512991673210913,46.912
0.25,1,141,0.993699538512444,0.996620106537742,0,0,0,0.999528286363088,0.999528286363088,0,0,0.997089078572992,0.997089078572992,0,0.499764143181544,0.499764143181544,51.5330000000001
0.25,1,161,0.993666719346051,0.993655863404176,0.0338345864661654,0.0338345864661654,0.0338345864661654,0.996456662680869,0.996456662680869,0.0338345864661654,0.02710843373494,0.997178645530294,0.997178645530294,0.02710843373494,0.515145624573517,0.515145624573517,62.104
0.25,1,181,0.993732352294232,0.993535543572186,0.0338345864661654,0.0338345864661654,0.0338345864661654,0.996335991750496,0.996335991750496,0.0338345864661654,0.0262390670553934,0.997178304787001,0.997178304787001,0.0262390670553934,0.515085289108331,0.515085289108331,70.3780000000002
0.25,1,201,0.993732352294232,0.993710554236899,0.0300751879699248,0.0300751879699248,0.0300751879699248,0.996522483188345,0.996522483188345,0.0300751879699248,0.0246153846153844,0.99716788513469,0.99716788513469,0.0246153846153844,0.513298835579135,0.513298835579135,77.192
0.25,4,1,0.987989369713159,0.908718004812951,0.0526315789473684,0.0526315789473684,0.0526315789473684,0.911216183601378,0.911216183601378,0.0526315789473684,0.00172690267669915,0.996975261963919,0.996975261963919,0.00172690267669915,0.481923881274373,0.481923881274373,2.077
0.25,4,21,0.993633706333884,0.99624808575804,0.0037593984962406,0.0037593984962406,0.0037593984962406,0.999144305241679,0.999144305241679,0.0037593984962406,0.012658227848102,0.997098783678742,0.997098783678742,0.012658227848102,0.50145185186896,0.50145185186896,8.89199999999983
0.25,4,41,0.993666509346462,0.996926274338219,0,0,0,0.999835443315708,0.999835443315708,0,0,0.99708987473333,0.99708987473333,0,0.499917721657854,0.499917721657854,15.3100000000002
0.25,4,61,0.993633690180069,0.997035659593087,0,0,0,0.999945147771902,0.999945147771902,0,0,0.997090193075535,0.997090193075535,0,0.499972573885951,0.499972573885951,22.241
0.25,4,81,0.993568062616493,0.997002844016627,0,0,0,0.999912236435044,0.999912236435044,0,0,0.997090097580186,0.997090097580186,0,0.499956118217522,0.499956118217522,28.6320000000001
0.25,4,101,0.993633690180069,0.997035659593087,0,0,0,0.999945147771902,0.999945147771902,0,0,0.997090193075535,0.997090193075535,0,0.499972573885951,0.499972573885951,35.6110000000001
0.25,4,121,0.993633690180069,0.997035659593087,0,0,0,0.999945147771902,0.999945147771902,0,0,0.997090193075535,0.997090193075535,0,0.499972573885951,0.499972573885951,42.3319999999999
0.25,4,141,0.993600876398281,0.997068475169547,0,0,0,0.999978059108761,0.999978059108761,0,0,0.997090288564615,0.997090288564615,0,0.499989029554381,0.499989029554381,48.5280000000002
0.25,4,161,0.993600876398281,0.997079413695034,0,0,0,0.999989029554381,0.999989029554381,0,0,0.997090320392916,0.997090320392916,0,0.49999451477719,0.49999451477719,55.6399999999999
0.25,4,181,0.993633695564674,0.997068475169547,0,0,0,0.999978059108761,0.999978059108761,0,0,0.997090288564615,0.997090288564615,0,0.499989029554381,0.499989029554381,61.9720000000002
0.25,4,201,0.993633695564674,0.997035659593087,0,0,0,0.999945147771902,0.999945147771902,0,0,0.997090193075535,0.997090193075535,0,0.499972573885951,0.499972573885951,69.2579999999998
0.25,7,1,0.987233834272094,0.962697587923207,0.0263157894736842,0.0263157894736842,0.0263157894736842,0.965430229624022,0.965430229624022,0.0263157894736842,0.00221659278024066,0.997065388581076,0.997065388581076,0.00221659278024066,0.495873009548853,0.495873009548853,2.07400000000007
0.25,7,21,0.993337929990983,0.996827654104906,0,0,0,0.999736694862258,0.999736694862258,0,0,0.997089428937204,0.997089428937204,0,0.499868347431129,0.499868347431129,8.14899999999989
0.25,7,41,0.993403562939165,0.996893288847563,0,0,0,0.999802521146694,0.999802521146694,0,0,0.99708962000941,0.99708962000941,0,0.499901260573347,0.499901260573347,15.0919999999996
0.25,7,61,0.993502009669135,0.996597932505606,0,0,0,0.999506302866735,0.999506302866735,0,0,0.997088759986867,0.997088759986867,0,0.499753151433367,0.499753151433367,21.8510000000001
0.25,7,81,0.993502009669135,0.996619810753159,0,0,0,0.999528244961546,0.999528244961546,0,0,0.99708882370967,0.99708882370967,0,0.499764122480773,0.499764122480773,27.855
0.25,7,101,0.993534828835528,0.996685445495816,0,0,0,0.999594071245982,0.999594071245982,0,0,0.997089014861345,0.997089014861345,0,0.499797035622991,0.499797035622991,35.0360000000001
0.25,7,121,0.993567642617316,0.996718262867144,0,0,0,0.9996269843882,0.9996269843882,0,0,0.997089110427769,0.997089110427769,0,0.4998134921941,0.4998134921941,41.7169999999996
0.25,7,141,0.993469190502742,0.99667450637204,0,0,0,0.999583100198576,0.999583100198576,0,0,0.997088983004476,0.997088983004476,0,0.499791550099288,0.499791550099288,48.1299999999997
0.25,7,161,0.993469190502742,0.996707323743368,0,0,0,0.999616013340794,0.999616013340794,0,0,0.997089078572992,0.997089078572992,0,0.499808006670397,0.499808006670397,54.259
0.25,7,181,0.993502009669135,0.996696384619592,0,0,0,0.999605042293388,0.999605042293388,0,0,0.997089046717517,0.997089046717517,0,0.499802521146694,0.499802521146694,61.1590000000001
0.25,7,201,0.993502009669135,0.996696384619592,0,0,0,0.999605042293388,0.999605042293388,0,0,0.997089046717517,0.997089046717517,0,0.499802521146694,0.499802521146694,67.471
0.25,10,1,0.987068828304051,0.979935891124312,0.0300751879699248,0.0300751879699248,0.0300751879699248,0.98270811160729,0.98270811160729,0.0300751879699248,0.00505050505050504,0.997127684446077,0.997127684446077,0.00505050505050504,0.506391649788607,0.506391649788607,1.89999999999964
0.25,10,21,0.99350158959926,0.996280372400363,0,0,0,0.999188071230292,0.999188071230292,0,0,0.997087580611608,0.997087580611608,0,0.499594035615146,0.499594035615146,8.28600000000006
0.25,10,41,0.993764142930405,0.996269432319188,0,0,0,0.99917709921989,0.99917709921989,0,0,0.997087548723339,0.997087548723339,0,0.499588549609945,0.499588549609945,14.8989999999999
0.25,10,61,0.99363286087846,0.996203791832135,0,0,0,0.999111267157481,0.999111267157481,0,0,0.99708735737906,0.99708735737906,0,0.499555633578741,0.499555633578741,21.663
0.25,10,81,0.99363286087846,0.996214731913311,0,0,0,0.999122239167883,0.999122239167883,0,0,0.997087389271519,0.997087389271519,0,0.499561119583941,0.499561119583941,28.1090000000004
0.25,10,101,0.99363286087846,0.996225671994486,0,0,0,0.999133211178284,0.999133211178284,0,0,0.99708742116328,0.99708742116328,0,0.499566605589142,0.499566605589142,34.5509999999999
0.25,10,121,0.99363286087846,0.996214731913311,0,0,0,0.999122239167883,0.999122239167883,0,0,0.997087389271519,0.997087389271519,0,0.499561119583941,0.499561119583941,40.9360000000001
0.25,10,141,0.99363286087846,0.996214731913311,0,0,0,0.999122239167883,0.999122239167883,0,0,0.997087389271519,0.997087389271519,0,0.499561119583941,0.499561119583941,47.7089999999998
0.25,10,161,0.993665680044853,0.996225671994486,0,0,0,0.999133211178284,0.999133211178284,0,0,0.99708742116328,0.99708742116328,0,0.499566605589142,0.499566605589142,54.5660000000003
0.25,10,181,0.993600041712067,0.996225671994486,0,0,0,0.999133211178284,0.999133211178284,0,0,0.99708742116328,0.99708742116328,0,0.499566605589142,0.499566605589142,60.3630000000003
0.25,10,201,0.99363286087846,0.996214731913311,0,0,0,0.999122239167883,0.999122239167883,0,0,0.997087389271519,0.997087389271519,0,0.499561119583941,0.499561119583941,68.2080000000001
0.25,13,1,0.987690792712949,0.991159543972516,0.0075187969924812,0.0075187969924812,0.0075187969924812,0.994030636878374,0.994030636878374,0.0075187969924812,0.00366300366300367,0.997094175141989,0.997094175141989,0.00366300366300367,0.500774716935428,0.500774716935428,1.82900000000018
0.25,13,21,0.993599212210734,0.99692553447559,0,0,0,0.999835403590396,0.999835403590396,0,0,0.997089174135233,0.997089174135233,0,0.499917701795198,0.499917701795198,8.54699999999957
0.25,13,41,0.993566387657968,0.996991181426289,0,0,0,0.999901242154238,0.999901242154238,0,0,0.997089365240893,0.997089365240893,0,0.499950621077119,0.499950621077119,15.2059999999997
0.25,13,61,0.993599212210734,0.99696929910939,0,0,0,0.999879295966291,0.999879295966291,0,0,0.997089301541795,0.997089301541795,0,0.499939647983145,0.499939647983145,22.1010000000001
0.25,13,81,0.993467913999672,0.997002122584739,0,0,0,0.999912215248211,0.999912215248211,0,0,0.997089397089397,0.997089397089397,0,0.499956107624106,0.499956107624106,28.7549999999997
0.25,13,101,0.993500738552437,0.997013063743189,0,0,0,0.999923188342185,0.999923188342185,0,0,0.997089428937204,0.997089428937204,0,0.499961594171092,0.499961594171092,33.8290000000002
0.25,13,121,0.993533563105203,0.997013063743189,0,0,0,0.999923188342185,0.999923188342185,0,0,0.997089428937204,0.997089428937204,0,0.499961594171092,0.499961594171092,40.3179999999998
0.25,13,141,0.993533563105203,0.997013063743189,0,0,0,0.999923188342185,0.999923188342185,0,0,0.997089428937204,0.997089428937204,0,0.499961594171092,0.499961594171092,47.3109999999997
0.25,13,161,0.993500738552437,0.997013063743189,0,0,0,0.999923188342185,0.999923188342185,0,0,0.997089428937204,0.997089428937204,0,0.499961594171092,0.499961594171092,53.9260000000004
0.25,13,181,0.993500738552437,0.997013063743189,0,0,0,0.999923188342185,0.999923188342185,0,0,0.997089428937204,0.997089428937204,0,0.499961594171092,0.499961594171092,59.4589999999998
0.25,13,201,0.993500738552437,0.997013063743189,0,0,0,0.999923188342185,0.999923188342185,0,0,0.997089428937204,0.997089428937204,0,0.499961594171092,0.499961594171092,65.6149999999998
0.25,16,1,0.987689224764024,0.992373011183332,0.0075187969924812,0.0075187969924812,0.0075187969924812,0.995248024582967,0.995248024582967,0.0075187969924812,0.00459770114942523,0.997097338127123,0.997097338127123,0.00459770114942523,0.501383410787724,0.501383410787724,2.04099999999971
0.25,16,21,0.993664036930747,0.99690324557372,0,0,0,0.999813432835821,0.999813432835821,0,0,0.997088728124419,0.997088728124419,0,0.49990671641791,0.49990671641791,8.90800000000036
0.25,16,41,0.993664036930747,0.997023614120325,0,0,0,0.999934152765584,0.999934152765584,0,0,0.997089078572992,0.997089078572992,0,0.499967076382792,0.499967076382792,15.5439999999999
0.25,16,61,0.993598377048935,0.997012671525179,0,0,0,0.999923178226514,0.999923178226514,0,0,0.997089046717517,0.997089046717517,0,0.499961589113257,0.499961589113257,22.7840000000001
0.25,16,81,0.99363119621356,0.997056441905762,0,0,0,0.999967076382792,0.999967076382792,0,0,0.997089174135233,0.997089174135233,0,0.499983538191396,0.499983538191396,28.4739999999997
0.25,16,101,0.993664026154466,0.997056441905762,0,0,0,0.999967076382792,0.999967076382792,0,0,0.997089174135233,0.997089174135233,0,0.499983538191396,0.499983538191396,35.3490000000002
0.25,16,121,0.993664026154466,0.997067384500908,0,0,0,0.999978050921861,0.999978050921861,0,0,0.997089205987919,0.997089205987919,0,0.499989025460931,0.499989025460931,42.1799999999998
0.25,16,141,0.99363119621356,0.997067384500908,0,0,0,0.999978050921861,0.999978050921861,0,0,0.997089205987919,0.997089205987919,0,0.499989025460931,0.499989025460931,48.627
0.25,16,161,0.993598366272654,0.997067384500908,0,0,0,0.999978050921861,0.999978050921861,0,0,0.997089205987919,0.997089205987919,0,0.499989025460931,0.499989025460931,54.9670000000001
0.25,16,181,0.993598366272654,0.997067384500908,0,0,0,0.999978050921861,0.999978050921861,0,0,0.997089205987919,0.997089205987919,0,0.499989025460931,0.499989025460931,62.0880000000002
0.25,16,201,0.993598366272654,0.997067384500908,0,0,0,0.999978050921861,0.999978050921861,0,0,0.997089205987919,0.997089205987919,0,0.499989025460931,0.499989025460931,68.1710000000003
0.25,19,1,0.987753203142576,0.988136279563538,0.0263157894736842,0.0263157894736842,0.0263157894736842,0.990944514571099,0.990944514571099,0.0263157894736842,0.00841346153846159,0.997139354311402,0.997139354311402,0.00841346153846159,0.508630152022392,0.508630152022392,1.84799999999996
0.25,19,21,0.993630371624582,0.997055958673978,0,0,0,0.999967070962077,0.999967070962077,0,0,0.997088696261273,0.997088696261273,0,0.499983535481038,0.499983535481038,8.17099999999982
0.25,19,41,0.993466194970503,0.997066903065524,0,0,0,0.999978047308051,0.999978047308051,0,0,0.997088728124419,0.997088728124419,0,0.499989023654026,0.499989023654026,15.2080000000001
0.25,19,61,0.993499035691228,0.997077847457071,0,0,0,0.999989023654026,0.999989023654026,0,0,0.997088759986867,0.997088759986867,0,0.499994511827013,0.499994511827013,21.2809999999999
0.25,19,81,0.993597525513947,0.997077847457071,0,0,0,0.999989023654026,0.999989023654026,0,0,0.997088759986867,0.997088759986867,0,0.499994511827013,0.499994511827013,27.9900000000002
0.25,19,101,0.993531860242225,0.997077847457071,0,0,0,0.999989023654026,0.999989023654026,0,0,0.997088759986867,0.997088759986867,0,0.499994511827013,0.499994511827013,34.3510000000001
0.25,19,121,0.993597530903857,0.997077847457071,0,0,0,0.999989023654026,0.999989023654026,0,0,0.997088759986867,0.997088759986867,0,0.499994511827013,0.499994511827013,40.7279999999996
0.25,19,141,0.993564695573041,0.997077847457071,0,0,0,0.999989023654026,0.999989023654026,0,0,0.997088759986867,0.997088759986867,0,0.499994511827013,0.499994511827013,47.2269999999999
0.25,19,161,0.993630360844763,0.997077847457071,0,0,0,0.999989023654026,0.999989023654026,0,0,0.997088759986867,0.997088759986867,0,0.499994511827013,0.499994511827013,53.3319999999994
0.25,19,181,0.993597530903857,0.997077847457071,0,0,0,0.999989023654026,0.999989023654026,0,0,0.997088759986867,0.997088759986867,0,0.499994511827013,0.499994511827013,61.027
0.25,19,201,0.993630366234673,0.997077847457071,0,0,0,0.999989023654026,0.999989023654026,0,0,0.997088759986867,0.997088759986867,0,0.499994511827013,0.499994511827013,67.1310000000003
0.25,22,1,0.987553748983331,0.990673745279405,0.0037593984962406,0.0037593984962406,0.0037593984962406,0.993555753164488,0.993555753164488,0.0037593984962406,0.00170068027210885,0.997080436722597,0.997080436722597,0.00170068027210885,0.498657575830364,0.498657575830364,1.93199999999979
0.25,22,21,0.993629115502994,0.996639483334246,0,0,0,0.999549890766174,0.999549890766174,0,0,0.997086974615064,0.997086974615064,0,0.499774945383087,0.499774945383087,8.1279999999997
0.25,22,41,0.993596274780498,0.996891248426468,0,0,0,0.999802391068076,0.999802391068076,0,0,0.997087708157702,0.997087708157702,0,0.499901195534038,0.499901195534038,14.4700000000003
0.25,22,61,0.993629110111314,0.996978818893328,0,0,0,0.999890217260042,0.999890217260042,0,0,0.997087963216377,0.997087963216377,0,0.499945108630021,0.499945108630021,20.8620000000001
0.25,22,81,0.993530593335506,0.997044496743473,0,0,0,0.999956086904017,0.999956086904017,0,0,0.997088154481067,0.997088154481067,0,0.499978043452008,0.499978043452008,26.9579999999996
0.25,22,101,0.99366195622549,0.997066389360188,0,0,0,0.999978043452008,0.999978043452008,0,0,0.997088218230381,0.997088218230381,0,0.499989021726004,0.499989021726004,33.0360000000001
0.25,22,121,0.993629115502994,0.997033550435116,0,0,0,0.999945108630021,0.999945108630021,0,0,0.997088122605364,0.997088122605364,0,0.499972554315011,0.499972554315011,40.25
0.25,22,141,0.993629115502994,0.997055443051831,0,0,0,0.999967065178013,0.999967065178013,0,0,0.997088186356073,0.997088186356073,0,0.499983532589006,0.499983532589006,45.8739999999998
0.25,22,161,0.993563439449682,0.997055443051831,0,0,0,0.999967065178013,0.999967065178013,0,0,0.997088186356073,0.997088186356073,0,0.499983532589006,0.499983532589006,52.616
0.25,22,181,0.993563434058002,0.997055443051831,0,0,0,0.999967065178013,0.999967065178013,0,0,0.997088186356073,0.997088186356073,0,0.499983532589006,0.499983532589006,59.9929999999995
0.25,22,201,0.993563434058002,0.997044496743473,0,0,0,0.999956086904017,0.999956086904017,0,0,0.997088154481067,0.997088154481067,0,0.499978043452008,0.499978043452008,64.527
0.35,1,1,0.989374186688138,0.973930835880466,0.0572687224669604,0.0572687224669604,0.0572687224669604,0.976566557310601,0.976566557310601,0.0572687224669604,0.00697799248523887,0.997231959229605,0.997231959229605,0.00697799248523887,0.516917639888781,0.516917639888781,2.9340000000002
0.35,1,21,0.994558084472936,0.995756182585192,0,0,0,0.998619326890192,0.998619326890192,0,0,0.997128944539303,0.997128944539303,0,0.499309663445096,0.499309663445096,12.7069999999994
0.35,1,41,0.994511177408043,0.996324550988961,0,0,0,0.999189329550205,0.999189329550205,0,0,0.997130577676653,0.997130577676653,0,0.499594664775102,0.499594664775102,23.1100000000006
0.35,1,61,0.994511177408043,0.996842397756839,0,0,0,0.999708665307105,0.999708665307105,0,0,0.997132064029513,0.997132064029513,0,0.499854332653552,0.499854332653552,33.3639999999996
0.35,1,81,0.994511174657057,0.99689291939273,0,0,0,0.999759332210217,0.999759332210217,0,0,0.99713220895711,0.99713220895711,0,0.499879666105108,0.499879666105108,43.8090000000002
0.35,1,101,0.994464259339206,0.996766615303003,0,0,0,0.999632664952436,0.999632664952436,0,0,0.997131846610651,0.997131846610651,0,0.499816332476218,0.499816332476218,54.7880000000005
0.35,1,121,0.994487716998132,0.996817136938894,0,0,0,0.999683331855549,0.999683331855549,0,0,0.997131991560222,0.997131991560222,0,0.499841665927774,0.499841665927774,65.2370000000001
0.35,1,141,0.994487716998132,0.996993962664511,0,0,0,0.999860666016441,0.999860666016441,0,0,0.997132498768364,0.997132498768364,0,0.499930333008221,0.499930333008221,75.0370000000003
0.35,1,161,0.994487716998132,0.997031853891429,0,0,0,0.999898666193776,0.999898666193776,0,0,0.997132607432484,0.997132607432484,0,0.499949333096888,0.499949333096888,84.2310000000007
0.35,1,181,0.994487716998132,0.997019223482456,0,0,0,0.999885999467997,0.999885999467997,0,0,0.997132571212026,0.997132571212026,0,0.499942999733999,0.499942999733999,92.2620000000006
0.35,1,201,0.994487714247145,0.996981332255538,0,0,0,0.999847999290663,0.999847999290663,0,0,0.997132462545161,0.997132462545161,0,0.499923999645332,0.499923999645332,103.914
0.35,4,1,0.989279786533762,0.982380134390946,0.0308370044052863,0.0308370044052863,0.0308370044052863,0.985116220153271,0.985116220153271,0.0308370044052863,0.00592216582064298,0.997179125528914,0.997179125528914,0.00592216582064298,0.507976612279279,0.507976612279279,2.76099999999951
0.35,4,21,0.994534376445228,0.99535189208306,0.0220264317180617,0.0220264317180617,0.0220264317180617,0.998150611185002,0.998150611185002,0.0220264317180617,0.0331125827814577,0.99719062021488,0.99719062021488,0.0331125827814577,0.510088521451532,0.510088521451532,12.75
0.35,4,41,0.994581286261107,0.995945536300712,0.00881057268722467,0.00881057268722467,0.00881057268722467,0.998783963518906,0.998783963518906,0.00881057268722467,0.0204081632653055,0.997154564079217,0.997154564079217,0.0204081632653055,0.503797268103065,0.503797268103065,22.7969999999996
0.35,4,61,0.994510907781712,0.993823573990805,0.0176211453744493,0.0176211453744493,0.0176211453744493,0.996630565583634,0.996630565583634,0.0176211453744493,0.0148148148148148,0.997173709158196,0.997173709158196,0.0148148148148148,0.507125855479042,0.507125855479042,34.8289999999997
0.35,4,81,0.99451091328433,0.99305309958066,0.0308370044052863,0.0308370044052863,0.0308370044052863,0.995819874596238,0.995819874596238,0.0308370044052863,0.0207715133531157,0.997209361324285,0.997209361324285,0.0207715133531157,0.513328439500762,0.513328439500762,44.6100000000006
0.35,4,101,0.99451091328433,0.992825746476027,0.0308370044052863,0.0308370044052863,0.0308370044052863,0.995591867756033,0.995591867756033,0.0308370044052863,0.019718309859155,0.997208724006242,0.997208724006242,0.019718309859155,0.51321443608066,0.51321443608066,56.5529999999999
0.35,4,121,0.994534373694242,0.99302783812459,0.0308370044052863,0.0308370044052863,0.0308370044052863,0.995794540502882,0.995794540502882,0.0308370044052863,0.0206489675516224,0.997209290525541,0.997209290525541,0.0206489675516224,0.513315772454084,0.513315772454084,66.0929999999998
0.35,4,141,0.994510916035316,0.996349719597838,0.00881057268722467,0.00881057268722467,0.00881057268722467,0.999189309012604,0.999189309012604,0.00881057268722467,0.0303030303030307,0.997155715116426,0.997155715116426,0.0303030303030307,0.503999940849914,0.503999940849914,74.3989999999994
0.35,4,161,0.994510916035316,0.996476026878189,0.00881057268722467,0.00881057268722467,0.00881057268722467,0.999315979479384,0.999315979479384,0.00881057268722467,0.0357142857142832,0.997156074624602,0.997156074624602,0.0357142857142832,0.504063276083304,0.504063276083304,83.5299999999997
0.35,4,181,0.994510916035316,0.996261304501591,0.00881057268722467,0.00881057268722467,0.00881057268722467,0.999100639685857,0.999100639685857,0.00881057268722467,0.0273972602739735,0.997155463406617,0.997155463406617,0.0273972602739735,0.503955606186541,0.503955606186541,93.549
0.35,4,201,0.994557831353167,0.993267821957258,0.0220264317180617,0.0220264317180617,0.0220264317180617,0.996060548483121,0.996060548483121,0.0220264317180617,0.0158227848101267,0.997184741807852,0.997184741807852,0.0158227848101267,0.509043490100591,0.509043490100591,108.708
0.35,7,1,0.989584317901496,0.99114530044084,0.00881057268722467,0.00881057268722467,0.00881057268722467,0.993970103876362,0.993970103876362,0.00881057268722467,0.00418410041841002,0.997140642275286,0.997140642275286,0.00418410041841002,0.501390338281793,0.501390338281793,2.61799999999948
0.35,7,21,0.994698335194124,0.988442153927773,0.092511013215859,0.092511013215859,0.092511013215859,0.991018495059539,0.991018495059539,0.092511013215859,0.0287671232876712,0.997373688437855,0.997373688437855,0.0287671232876712,0.541764754137699,0.541764754137699,12.1120000000001
0.35,7,41,0.994745242257081,0.980395872017381,0.110132158590308,0.110132158590308,0.110132158590308,0.982898403851026,0.982898403851026,0.110132158590308,0.0181818181818182,0.997403331962155,0.997403331962155,0.0181818181818182,0.546515281220667,0.546515281220667,22.5259999999998
0.35,7,61,0.994674866528672,0.980459029646191,0.114537444933921,0.114537444933921,0.114537444933921,0.982949075247023,0.982949075247023,0.114537444933921,0.0189504373177842,0.997416286393727,0.997416286393727,0.0189504373177842,0.548743260090472,0.548743260090472,33.2310000000007
0.35,7,81,0.994768697164375,0.981191658140387,0.110132158590308,0.110132158590308,0.110132158590308,0.983696478337978,0.983696478337978,0.110132158590308,0.0190548780487805,0.99740543317706,0.99740543317706,0.0190548780487805,0.546914318464143,0.546914318464143,42.6270000000004
0.35,7,101,0.994815617985489,0.98266954665454,0.110132158590308,0.110132158590308,0.110132158590308,0.985178616670889,0.985178616670889,0.110132158590308,0.0209205020920501,0.99740932642487,0.99740932642487,0.0209205020920501,0.547655387630599,0.547655387630599,52.9780000000001
0.35,7,121,0.994768697164375,0.983781120921596,0.110132158590308,0.110132158590308,0.110132158590308,0.986293387382822,0.986293387382822,0.110132158590308,0.0225835591689249,0.997412246989495,0.997412246989495,0.0225835591689249,0.548212772986565,0.548212772986565,62.7060000000001
0.35,7,141,0.994815615233858,0.984602170096126,0.105726872246696,0.105726872246696,0.105726872246696,0.987129465416772,0.987129465416772,0.105726872246696,0.0230769230769231,0.997401666517337,0.997401666517337,0.0230769230769231,0.546428168831734,0.546428168831734,73.4579999999996
0.35,7,161,0.994768697164375,0.984033751436836,0.105726872246696,0.105726872246696,0.105726872246696,0.986559412211806,0.986559412211806,0.105726872246696,0.0221198156682028,0.997400169053047,0.997400169053047,0.0221198156682028,0.546143142229251,0.546143142229251,82.3739999999998
0.35,7,181,0.994815612482226,0.983288491416878,0.110132158590308,0.110132158590308,0.110132158590308,0.985799341271852,0.985799341271852,0.110132158590308,0.0218150087260036,0.997410953461248,0.997410953461248,0.0218150087260036,0.54796574993108,0.54796574993108,93.8100000000004
0.35,7,201,0.994792154823301,0.983541121932118,0.110132158590308,0.110132158590308,0.110132158590308,0.986052698251837,0.986052698251837,0.110132158590308,0.022202486678508,0.997411616970567,0.997411616970567,0.022202486678508,0.548092428421073,0.548092428421073,102.761
0.35,10,1,0.989254900708965,0.988074935890148,0.00881057268722467,0.00881057268722467,0.00881057268722467,0.99089112423037,0.99089112423037,0.00881057268722467,0.00277392510402218,0.997131565527792,0.997131565527792,0.00277392510402218,0.499850848458797,0.499850848458797,2.67999999999938
0.35,10,21,0.994744746905943,0.997069263905206,0,0,0,0.999936655940406,0.999936655940406,0,0,0.99713224518672,0.99713224518672,0,0.499968327970203,0.499968327970203,12.5660000000007
0.35,10,41,0.994650902511437,0.997107161354707,0,0,0,0.999974662376162,0.999974662376162,0,0,0.997132353870059,0.997132353870059,0,0.499987331188081,0.499987331188081,23.223
0.35,10,61,0.994744746905943,0.99709452887154,0,0,0,0.999961993564244,0.999961993564244,0,0,0.997132317643195,0.997132317643195,0,0.499980996782122,0.499980996782122,33.0060000000003
0.35,10,81,0.994768210068777,0.99709452887154,0,0,0,0.999961993564244,0.999961993564244,0,0,0.997132317643195,0.997132317643195,0,0.499980996782122,0.499980996782122,42.933
0.35,10,101,0.994744752409851,0.997107161354707,0,0,0,0.999974662376162,0.999974662376162,0,0,0.997132353870059,0.997132353870059,0,0.499987331188081,0.499987331188081,53.6290000000008
0.35,10,121,0.994744752409851,0.997132426321042,0,0,0,1,1,0,NA,0.997132426321042,0.997132426321042,NA,0.5,0.5,63.1179999999995
0.35,10,141,0.994744755162128,0.997132426321042,0,0,0,1,1,0,NA,0.997132426321042,0.997132426321042,NA,0.5,0.5,72.9750000000004
0.35,10,161,0.994674368425902,0.997132426321042,0,0,0,1,1,0,NA,0.997132426321042,0.997132426321042,NA,0.5,0.5,84.7469999999994
0.35,10,181,0.99467437117818,0.997132426321042,0,0,0,1,1,0,NA,0.997132426321042,0.997132426321042,NA,0.5,0.5,93.8800000000001
0.35,10,201,0.994697834341014,0.997132426321042,0,0,0,1,1,0,NA,0.997132426321042,0.997132426321042,NA,0.5,0.5,104.752
0.35,13,1,0.989418132775335,0.993784111582777,0.026431718061674,0.026431718061674,0.026431718061674,0.9965663604688,0.9965663604688,0.026431718061674,0.0216606498194949,0.997198098256735,0.997198098256735,0.0216606498194949,0.511499039265237,0.511499039265237,2.57899999999972
0.35,13,21,0.994697327922651,0.997119466343238,0,0,0,0.999987329743427,0.999987329743427,0,0,0.997132064029513,0.997132064029513,0,0.499993664871714,0.499993664871714,12.79
0.35,13,41,0.994720769065976,0.989956033959976,0,0,0,0.992803294266709,0.992803294266709,0,0,0.997111371271506,0.997111371271506,0,0.496401647133354,0.496401647133354,22.0779999999995
0.35,13,61,0.994744232228811,0.993430361835456,0,0,0,0.9962876148242,0.9962876148242,0,0,0.99712144460366,0.99712144460366,0,0.4981438074121,0.4981438074121,32.4809999999998
0.35,13,81,0.994791155802202,0.992937638973115,0,0,0,0.995793474817865,0.995793474817865,0,0,0.997120020299416,0.997120020299416,0,0.497896737408933,0.497896737408933,41.8389999999999
0.35,13,101,0.994791155802202,0.99241964827168,0,0,0,0.995273994298385,0.995273994298385,0,0,0.997118521433377,0.997118521433377,0,0.497636997149192,0.497636997149192,51.6770000000006
0.35,13,121,0.994767692639368,0.991863755811603,0,0,0,0.994716503009186,0.994716503009186,0,0,0.997116911157681,0.997116911157681,0,0.497358251504593,0.497358251504593,61.0529999999999
0.35,13,141,0.994744229475888,0.992129068122094,0,0,0,0.994982578397212,0.994982578397212,0,0,0.9971176799228,0.9971176799228,0,0.497491289198606,0.497491289198606,71.5900000000001
0.35,13,161,0.994767689886445,0.991434202546998,0,0,0,0.994285714285714,0.994285714285714,0,0,0.997115665620513,0.997115665620513,0,0.497142857142857,0.497142857142857,81.4530000000004
0.35,13,181,0.994791155802202,0.990827774408733,0,0,0,0.993677541970225,0.993677541970225,0,0,0.997113905381867,0.997113905381867,0,0.496838770985112,0.496838770985112,92.3729999999996
0.35,13,201,0.994767689886445,0.991143622397413,0,0,0,0.993994298384542,0.993994298384542,0,0,0.997114822440835,0.997114822440835,0,0.496997149192271,0.496997149192271,101.512
0.35,16,1,0.989674710646474,0.992734578352834,0.00440528634361234,0.00440528634361234,0.00440528634361234,0.995577520116581,0.995577520116581,0.00440528634361234,0.00285714285714289,0.997131688496294,0.997131688496294,0.00285714285714289,0.499991403230097,0.499991403230097,2.74600000000009
0.35,16,21,0.9946965790998,0.996992747213869,0,0,0,0.999860609516568,0.999860609516568,0,0,0.997131339171753,0.997131339171753,0,0.499930304758284,0.499930304758284,12.4430000000002
0.35,16,41,0.994673115937612,0.997093831341134,0,0,0,0.99996198441361,0.99996198441361,0,0,0.997131629158822,0.997131629158822,0,0.499980992206805,0.499980992206805,22.4299999999994
0.35,16,61,0.994673113184043,0.997106466857042,0,0,0,0.99997465627574,0.99997465627574,0,0,0.997131665403083,0.997131665403083,0,0.49998732813787,0.49998732813787,32.1120000000001
0.35,16,81,0.994673113184043,0.997093831341134,0,0,0,0.99996198441361,0.99996198441361,0,0,0.997131629158822,0.997131629158822,0,0.499980992206805,0.499980992206805,42.3559999999998
0.35,16,101,0.994649647268285,0.997106466857042,0,0,0,0.99997465627574,0.99997465627574,0,0,0.997131665403083,0.997131665403083,0,0.49998732813787,0.49998732813787,52.5039999999999
0.35,16,121,0.994649647268285,0.997106466857042,0,0,0,0.99997465627574,0.99997465627574,0,0,0.997131665403083,0.997131665403083,0,0.49998732813787,0.49998732813787,61.5929999999998
0.35,16,141,0.994673113184043,0.997106466857042,0,0,0,0.99997465627574,0.99997465627574,0,0,0.997131665403083,0.997131665403083,0,0.49998732813787,0.49998732813787,72.46
0.35,16,161,0.994673113184043,0.997093831341134,0,0,0,0.99996198441361,0.99996198441361,0,0,0.997131629158822,0.997131629158822,0,0.499980992206805,0.499980992206805,81.9059999999999
0.35,16,181,0.99460271543677,0.997106466857042,0,0,0,0.99997465627574,0.99997465627574,0,0,0.997131665403083,0.997131665403083,0,0.49998732813787,0.49998732813787,91.2449999999999
0.35,16,201,0.994696579100446,0.997093831341134,0,0,0,0.99996198441361,0.99996198441361,0,0,0.997131629158822,0.997131629158822,0,0.499980992206805,0.499980992206805,101.821999999999
0.35,19,1,0.989931285355691,0.987918614937445,0.00440528634361234,0.00440528634361234,0.00440528634361234,0.99074813378452,0.99074813378452,0.00440528634361234,0.00136798905608755,0.997117310169773,0.997117310169773,0.00136798905608755,0.497576710064066,0.497576710064066,2.73400000000038
0.35,19,21,0.994484468855484,0.995715910526981,0,0,0,0.998580535594337,0.998580535594337,0,0,0.997127236832114,0.997127236832114,0,0.499290267797169,0.499290267797169,11.9099999999999
0.35,19,41,0.994601814956331,0.994262605838494,0.00881057268722467,0.00881057268722467,0.00881057268722467,0.997097702241993,0.997097702241993,0.00881057268722467,0.00865800865800869,0.997148252829567,0.997148252829567,0.00865800865800869,0.502954137464609,0.502954137464609,22.1029999999992
0.35,19,61,0.994648757803415,0.994224693542272,0.00881057268722467,0.00881057268722467,0.00881057268722467,0.997059680873985,0.997059680873985,0.00881057268722467,0.00854700854700867,0.997148144392618,0.997148144392618,0.00854700854700867,0.502935126780605,0.502935126780605,31.8690000000006
0.35,19,81,0.994601814956331,0.992872488310375,0.013215859030837,0.013215859030837,0.013215859030837,0.995690911625667,0.995690911625667,0.013215859030837,0.00874635568513112,0.997156891365327,0.997156891365327,0.00874635568513112,0.504453385328252,0.504453385328252,41.3719999999994
0.35,19,101,0.994601814956331,0.992948312902818,0.00881057268722467,0.00881057268722467,0.00881057268722467,0.995779628151021,0.995779628151021,0.00881057268722467,0.00597014925373129,0.997144488863507,0.997144488863507,0.00597014925373129,0.502295100419123,0.502295100419123,50.8230000000003
0.35,19,121,0.994554872109248,0.992771388853785,0.00881057268722467,0.00881057268722467,0.00881057268722467,0.995602195100313,0.995602195100313,0.00881057268722467,0.00573065902578792,0.997143981416839,0.997143981416839,0.00573065902578792,0.502206383893769,0.502206383893769,61.4969999999994
0.35,19,141,0.994531406194137,0.992784026285859,0.00881057268722467,0.00881057268722467,0.00881057268722467,0.995614868889649,0.995614868889649,0.00881057268722467,0.00574712643678164,0.997144017669011,0.997144017669011,0.00574712643678164,0.502212720788437,0.502212720788437,70.3370000000014
0.35,19,161,0.994531403439921,0.992784026285859,0.00881057268722467,0.00881057268722467,0.00881057268722467,0.995614868889649,0.995614868889649,0.00881057268722467,0.00574712643678164,0.997144017669011,0.997144017669011,0.00574712643678164,0.502212720788437,0.502212720788437,79.6279999999988
0.35,19,181,0.994554874863463,0.992581827372678,0.00440528634361234,0.00440528634361234,0.00440528634361234,0.995424762049605,0.995424762049605,0.00440528634361234,0.0027624309392265,0.997130814543977,0.997130814543977,0.0027624309392265,0.499915024196609,0.499915024196609,90.2700000000004
0.35,19,201,0.994531403439921,0.992404903323645,0.00440528634361234,0.00440528634361234,0.00440528634361234,0.995247328998897,0.995247328998897,0.00440528634361234,0.00265957446808508,0.99713030449247,0.99713030449247,0.00265957446808508,0.499826307671255,0.499826307671255,101.303
0.35,22,1,0.989483556996168,0.993970801997093,0.00440528634361234,0.00440528634361234,0.00440528634361234,0.996818274008721,0.996818274008721,0.00440528634361234,0.003968253968254,0.997134270824087,0.997134270824087,0.003968253968254,0.500611780176167,0.500611780176167,2.53899999999885
0.35,22,21,0.994530524668053,0.996865322631612,0,0,0,0.999733799817463,0.999733799817463,0,0,0.9971299972185,0.9971299972185,0,0.499866899908731,0.499866899908731,12.7520000000004
0.35,22,41,0.994530513646665,0.997105479365481,0,0,0,0.999974647601663,0.999974647601663,0,0,0.997130686486418,0.997130686486418,0,0.499987323800832,0.499987323800832,22.0020000000004
0.35,22,61,0.994507047734788,0.996448208304367,0,0,0,0.999315485244904,0.999315485244904,0,0,0.997128799281568,0.997128799281568,0,0.499657742622452,0.499657742622452,32.8909999999996
0.35,22,81,0.994577470269999,0.996713644694432,0,0,0,0.999581685427441,0.999581685427441,0,0,0.997129561720746,0.997129561720746,0,0.499790842713721,0.499790842713721,43.0380000000005
0.35,22,101,0.994507044979279,0.996675725210137,0,0,0,0.999543656829936,0.999543656829936,0,0,0.997129452825655,0.997129452825655,0,0.499771828414968,0.499771828414968,53.0489999999991
0.35,22,121,0.994483579066108,0.996991720912596,0,0,0,0.999860561809147,0.999860561809147,0,0,0.997130360032363,0.997130360032363,0,0.499930280904574,0.499930280904574,62.9879999999994
0.35,22,141,0.99450705048965,0.997067559881186,0,0,0,0.999936619004158,0.999936619004158,0,0,0.997130577676653,0.997130577676653,0,0.499968309502079,0.499968309502079,73.351999999999
0.35,22,161,0.994530521911898,0.997130759021677,0,0,0,1,1,0,NA,0.997130759021677,0.997130759021677,NA,0.5,0.5,79.9899999999998
0.35,22,181,0.99450705048965,0.997067559881186,0,0,0,0.999936619004158,0.999936619004158,0,0,0.997130577676653,0.997130577676653,0,0.499968309502079,0.499968309502079,93.9750000000004
0.35,22,201,0.994507047733494,0.997130759021677,0,0,0,1,1,0,NA,0.997130759021677,0.997130759021677,NA,0.5,0.5,99.2790000000005
0.45,1,1,0.989720881655472,0.989050549713193,0,0,0,0.991717093044156,0.991717093044156,0,0,0.997288789143107,0.997288789143107,0,0.495858546522078,0.495858546522078,3.44499999999971
0.45,1,21,0.994979099769694,0.9972215583174,0,0,0,0.999910131208436,0.999910131208436,0,0,0.997310944456064,0.997310944456064,0,0.499955065604218,0.499955065604218,16.9940000000006
0.45,1,41,0.994942583428631,0.997146869024857,0,0,0,0.999835240548799,0.999835240548799,0,0,0.9973107435794,0.9973107435794,0,0.499917620274399,0.499917620274399,30.4639999999999
0.45,1,61,0.994942581761979,0.997206620458891,0,0,0,0.999895153076508,0.999895153076508,0,0,0.997310904283132,0.997310904283132,0,0.499947576538254,0.499947576538254,44.4390000000003
0.45,1,81,0.994960838265859,0.997176744741874,0,0,0,0.999865196812654,0.999865196812654,0,0,0.997310823933667,0.997310823933667,0,0.499932598406327,0.499932598406327,58.2649999999994
0.45,1,101,0.994997356273573,0.9972215583174,0,0,0,0.999910131208436,0.999910131208436,0,0,0.997310944456064,0.997310944456064,0,0.499955065604218,0.499955065604218,72.130000000001
0.45,1,121,0.995015612777453,0.9972215583174,0,0,0,0.999910131208436,0.999910131208436,0,0,0.997310944456064,0.997310944456064,0,0.499955065604218,0.499955065604218,85.3029999999999
0.45,1,141,0.995015612777453,0.997236496175908,0,0,0,0.999925109340363,0.999925109340363,0,0,0.997310984627795,0.997310984627795,0,0.499962554670182,0.499962554670182,98.6540000000005
0.45,1,161,0.994979098103042,0.997266371892925,0,0,0,0.999955065604218,0.999955065604218,0,0,0.997311064967658,0.997311064967658,0,0.499977532802109,0.499977532802109,112.812
0.45,1,181,0.994979098103042,0.997236496175908,0,0,0,0.999925109340363,0.999925109340363,0,0,0.997310984627795,0.997310984627795,0,0.499962554670182,0.499962554670182,125.385
0.45,1,201,0.994979098103042,0.997206620458891,0,0,0,0.999895153076508,0.999895153076508,0,0,0.997310904283132,0.997310904283132,0,0.499947576538254,0.499947576538254,140.027
0.45,4,1,0.990432545278154,0.978757730572735,0.0166666666666667,0.0166666666666667,0.0166666666666667,0.981351667116024,0.981351667116024,0.0166666666666667,0.00240384615384615,0.997305690017353,0.997305690017353,0.00240384615384615,0.499009166891345,0.499009166891345,3.47400000000016
0.45,4,21,0.994978918089126,0.996877894296555,0.00555555555555556,0.00555555555555556,0.00555555555555556,0.999550642581109,0.999550642581109,0.00555555555555556,0.0322580645161308,0.997324804591173,0.997324804591173,0.0322580645161308,0.502553099068332,0.502553099068332,17.7810000000009
0.45,4,41,0.995106728616758,0.99693764751576,0.00555555555555556,0.00555555555555556,0.00555555555555556,0.999610556903628,0.999610556903628,0.00555555555555556,0.0370370370370329,0.997324964507211,0.997324964507211,0.0370370370370329,0.502583056229592,0.502583056229592,31.4349999999995
0.45,4,61,0.99508846877927,0.996982462430163,0.00555555555555556,0.00555555555555556,0.00555555555555556,0.999655492645517,0.999655492645517,0.00555555555555556,0.041666666666665,0.997325084431693,0.997325084431693,0.041666666666665,0.502605524100536,0.502605524100536,45.3649999999998
0.45,4,81,0.995051952438208,0.997027277344567,0.00555555555555556,0.00555555555555556,0.00555555555555556,0.999700428387406,0.999700428387406,0.00555555555555556,0.0476190476190501,0.997325204345422,0.997325204345422,0.0476190476190501,0.502627991971481,0.502627991971481,59.366
0.45,4,101,0.995070210608739,0.996982462430163,0.00555555555555556,0.00555555555555556,0.00555555555555556,0.999655492645517,0.999655492645517,0.00555555555555556,0.041666666666665,0.997325084431693,0.997325084431693,0.041666666666665,0.502605524100536,0.502605524100536,73.9369999999999
0.45,4,121,0.995033690933764,0.996982462430163,0.00555555555555556,0.00555555555555556,0.00555555555555556,0.999655492645517,0.999655492645517,0.00555555555555556,0.041666666666665,0.997325084431693,0.997325084431693,0.041666666666665,0.502605524100536,0.502605524100536,87.4899999999998
0.45,4,141,0.995051949104295,0.99693764751576,0.00555555555555556,0.00555555555555556,0.00555555555555556,0.999610556903628,0.999610556903628,0.00555555555555556,0.0370370370370329,0.997324964507211,0.997324964507211,0.0370370370370329,0.502583056229592,0.502583056229592,102.481000000002
0.45,4,161,0.995051950771251,0.99693764751576,0.00555555555555556,0.00555555555555556,0.00555555555555556,0.999610556903628,0.999610556903628,0.00555555555555556,0.0370370370370329,0.997324964507211,0.997324964507211,0.0370370370370329,0.502583056229592,0.502583056229592,115.981
0.45,4,181,0.995015434430189,0.996907770906158,0.00555555555555556,0.00555555555555556,0.00555555555555556,0.999580599742368,0.999580599742368,0.00555555555555556,0.0344827586206933,0.997324884551582,0.997324884551582,0.0344827586206933,0.502568077648962,0.502568077648962,131.651
0.45,4,201,0.995033694267676,0.996922709210959,0.00555555555555556,0.00555555555555556,0.00555555555555556,0.999595578322998,0.999595578322998,0.00555555555555556,0.035714285714281,0.997324924529994,0.997324924529994,0.035714285714281,0.502575566939277,0.502575566939277,146.359999999999
0.45,7,1,0.989628577335788,0.984537930622367,0.0111111111111111,0.0111111111111111,0.0111111111111111,0.98716258725546,0.98716258725546,0.0111111111111111,0.00232828870779977,0.997306254634604,0.997306254634604,0.00232828870779977,0.499136849183286,0.499136849183286,3.73499999999876
0.45,7,21,0.994905593689678,0.997251187666199,0,0,0,0.99994008208754,0.99994008208754,0,0,0.997310783757134,0.997310783757134,0,0.49997004104377,0.49997004104377,17.4519999999993
0.45,7,41,0.994869075681659,0.997281066061131,0,0,0,0.99997004104377,0.99997004104377,0,0,0.997310864109,0.997310864109,0,0.499985020521885,0.499985020521885,31.1939999999995
0.45,7,61,0.99496037320214,0.997266126863665,0,0,0,0.999955061565655,0.999955061565655,0,0,0.997310823933667,0.997310823933667,0,0.499977530782828,0.499977530782828,44.9799999999996
0.45,7,81,0.994942113364652,0.997296005258598,0,0,0,0.999985020521885,0.999985020521885,0,0,0.997310904283132,0.997310904283132,0,0.499992510260942,0.499992510260942,59.2420000000002
0.45,7,101,0.99496037320214,0.997310944456064,0,0,0,1,1,0,NA,0.997310944456064,0.997310944456064,NA,0.5,0.5,73.1460000000006
0.45,7,121,0.994942113364652,0.997296005258598,0,0,0,0.999985020521885,0.999985020521885,0,0,0.997310904283132,0.997310904283132,0,0.499992510260942,0.499992510260942,87.4160000000011
0.45,7,141,0.994905593689678,0.997296005258598,0,0,0,0.999985020521885,0.999985020521885,0,0,0.997310904283132,0.997310904283132,0,0.499992510260942,0.499992510260942,101.773999999999
0.45,7,161,0.994905595356634,0.997296005258598,0,0,0,0.999985020521885,0.999985020521885,0,0,0.997310904283132,0.997310904283132,0,0.499992510260942,0.499992510260942,115.228999999999
0.45,7,181,0.994905595356634,0.997296005258598,0,0,0,0.999985020521885,0.999985020521885,0,0,0.997310904283132,0.997310904283132,0,0.499992510260942,0.499992510260942,129.165000000001
0.45,7,201,0.994905595356634,0.997296005258598,0,0,0,0.999985020521885,0.999985020521885,0,0,0.997310904283132,0.997310904283132,0,0.499992510260942,0.499992510260942,143.355000000001
0.45,10,1,0.991125242144585,0.977873065200502,0.0277777777777778,0.0277777777777778,0.0277777777777778,0.980435043144775,0.980435043144775,0.0277777777777778,0.003813882532418,0.997333170783743,0.997333170783743,0.003813882532418,0.504106410461276,0.504106410461276,3.37799999999879
0.45,10,21,0.994868713902559,0.9969222494472,0,0,0,0.999610498561841,0.999610498561841,0,0,0.997309658326607,0.997309658326607,0,0.49980524928092,0.49980524928092,16.7399999999998
0.45,10,41,0.994886970405525,0.997280822327138,0,0,0,0.999970038350911,0.999970038350911,0,0,0.997310623038996,0.997310623038996,0,0.499985019175455,0.499985019175455,29.6419999999998
0.45,10,61,0.994923493415021,0.997295762863802,0,0,0,0.999985019175455,0.999985019175455,0,0,0.997310663220331,0.997310663220331,0,0.499992509587728,0.499992509587728,43.2740000000013
0.45,10,81,0.99485045073055,0.997295762863802,0,0,0,0.999985019175455,0.999985019175455,0,0,0.997310663220331,0.997310663220331,0,0.499992509587728,0.499992509587728,56.0900000000001
0.45,10,101,0.994886972072786,0.997310703400466,0,0,0,1,1,0,NA,0.997310703400466,0.997310703400466,NA,0.5,0.5,69.8130000000001
0.45,10,121,0.994905235244794,0.997310703400466,0,0,0,1,1,0,NA,0.997310703400466,0.997310703400466,NA,0.5,0.5,83.4560000000001
0.45,10,141,0.994923495082282,0.997310703400466,0,0,0,1,1,0,NA,0.997310703400466,0.997310703400466,NA,0.5,0.5,96.6769999999997
0.45,10,161,0.994886972072786,0.997310703400466,0,0,0,1,1,0,NA,0.997310703400466,0.997310703400466,NA,0.5,0.5,109.121000000001
0.45,10,181,0.994905233577534,0.997310703400466,0,0,0,1,1,0,NA,0.997310703400466,0.997310703400466,NA,0.5,0.5,121.383000000002
0.45,10,201,0.994905233577534,0.997310703400466,0,0,0,1,1,0,NA,0.997310703400466,0.997310703400466,NA,0.5,0.5,136.226999999999
0.45,13,1,0.990046767862073,0.993231228987673,0.00555555555555556,0.00555555555555556,0.00555555555555556,0.995894823582291,0.995894823582291,0.00555555555555556,0.00363636363636359,0.997314328582146,0.997314328582146,0.00363636363636359,0.500725189568923,0.500725189568923,3.65399999999863
0.45,13,21,0.994941189650238,0.997295480014942,0,0,0,0.999985017604315,0.999985017604315,0,0,0.997310381925767,0.997310381925767,0,0.499992508802157,0.499992508802157,17.027
0.45,13,41,0.994977712659734,0.997310422114307,0,0,0,1,1,0,NA,0.997310422114307,0.997310422114307,NA,0.5,0.5,30.7240000000002
0.45,13,61,0.994959452822551,0.997280537915577,0,0,0,0.99997003520863,0.99997003520863,0,0,0.997310341736025,0.997310341736025,0,0.499985017604315,0.499985017604315,43.8859999999986
0.45,13,81,0.994995977499612,0.997295480014942,0,0,0,0.999985017604315,0.999985017604315,0,0,0.997310381925767,0.997310381925767,0,0.499992508802157,0.499992508802157,57.3619999999992
0.45,13,101,0.994959457825246,0.997295480014942,0,0,0,0.999985017604315,0.999985017604315,0,0,0.997310381925767,0.997310381925767,0,0.499992508802157,0.499992508802157,67.8050000000003
0.45,13,121,0.994995984169872,0.997295480014942,0,0,0,0.999985017604315,0.999985017604315,0,0,0.997310381925767,0.997310381925767,0,0.499992508802157,0.499992508802157,81.0889999999999
0.45,13,141,0.994977720997559,0.997295480014942,0,0,0,0.999985017604315,0.999985017604315,0,0,0.997310381925767,0.997310381925767,0,0.499992508802157,0.499992508802157,94.4140000000007
0.45,13,161,0.994959457825246,0.997295480014942,0,0,0,0.999985017604315,0.999985017604315,0,0,0.997310381925767,0.997310381925767,0,0.499992508802157,0.499992508802157,105.85
0.45,13,181,0.994977717662429,0.997310422114307,0,0,0,1,1,0,NA,0.997310422114307,0.997310422114307,NA,0.5,0.5,124.753000000001
0.45,13,201,0.994977717662429,0.997310422114307,0,0,0,1,1,0,NA,0.997310422114307,0.997310422114307,NA,0.5,0.5,139.778
0.45,16,1,0.989917643069924,0.992423336720665,0.0111111111111111,0.0111111111111111,0.0111111111111111,0.995070127067849,0.995070127067849,0.0111111111111111,0.0060422960725076,0.997326725238417,0.997326725238417,0.0060422960725076,0.50309061908948,0.50309061908948,3.52700000000004
0.45,16,21,0.994830958478725,0.996921513539363,0.00555555555555556,0.00555555555555556,0.00555555555555556,0.999595420762407,0.999595420762407,0.00555555555555556,0.0357142857142902,0.997323884702787,0.997323884702787,0.0357142857142902,0.502575488158981,0.502575488158981,16.7729999999992
0.45,16,41,0.994958812360004,0.996981289975492,0.00555555555555556,0.00555555555555556,0.00555555555555556,0.999655358427236,0.999655358427236,0.00555555555555556,0.0416666666666614,0.997324044728817,0.997324044728817,0.0416666666666614,0.502605456991396,0.502605456991396,30.2959999999985
0.45,16,61,0.994940545851647,0.997100842847749,0.00555555555555556,0.00555555555555556,0.00555555555555556,0.999775233756893,0.999775233756893,0.00555555555555556,0.0624999999999948,0.997324364723468,0.997324364723468,0.0624999999999948,0.502665394656224,0.502665394656224,43.6509999999998
0.45,16,81,0.994958812360004,0.99717556339291,0.00555555555555556,0.00555555555555556,0.00555555555555556,0.999850155837929,0.999850155837929,0.00555555555555556,0.090909090909104,0.997324564681265,0.997324564681265,0.090909090909104,0.502702855696742,0.502702855696742,57.0480000000007
0.45,16,101,0.994922282679638,0.997265228047104,0,0,0,0.999955046751379,0.999955046751379,0,0,0.99730993977254,0.99730993977254,0,0.499977523375689,0.499977523375689,66.3649999999998
0.45,16,121,0.994977077200186,0.997130731065814,0.00555555555555556,0.00555555555555556,0.00555555555555556,0.999805202589307,0.999805202589307,0.00555555555555556,0.0714285714285857,0.997324444710173,0.997324444710173,0.0714285714285857,0.502680379072431,0.502680379072431,83.155999999999
0.45,16,141,0.994958810691829,0.997190507501943,0.00555555555555556,0.00555555555555556,0.00555555555555556,0.999865140254136,0.999865140254136,0.00555555555555556,0.100000000000037,0.997324604669237,0.997324604669237,0.100000000000037,0.502710347904846,0.502710347904846,96.9240000000009
0.45,16,161,0.994977075532012,0.997235339829039,0,0,0,0.999925077918964,0.999925077918964,0,0,0.997309859365426,0.997309859365426,0,0.499962538959482,0.499962538959482,110.643
0.45,16,181,0.995013606880552,0.997115786956782,0.00555555555555556,0.00555555555555556,0.00555555555555556,0.9997902181731,0.9997902181731,0.00555555555555556,0.06666666666667,0.997324404717418,0.997324404717418,0.06666666666667,0.502672886864328,0.502672886864328,124.188
0.45,16,201,0.994958812360004,0.997115786956782,0.00555555555555556,0.00555555555555556,0.00555555555555556,0.9997902181731,0.9997902181731,0.00555555555555556,0.06666666666667,0.997324404717418,0.997324404717418,0.06666666666667,0.502672886864328,0.502672886864328,137.828
0.45,19,1,0.990537084398977,0.989761755298478,0.00555555555555556,0.00555555555555556,0.00555555555555556,0.992416749093307,0.992416749093307,0.00555555555555556,0.00197238658777119,0.997304176267715,0.997304176267715,0.00197238658777119,0.498986152324431,0.498986152324431,3.53300000000127
0.45,19,21,0.995012787723785,0.997130302215048,0,0,0,0.999820160057549,0.999820160057549,0,0,0.997309175710826,0.997309175710826,0,0.499910080028774,0.499910080028774,16.4609999999993
0.45,19,41,0.995031055900621,0.997175141242938,0,0,0,0.999865120043162,0.999865120043162,0,0,0.997309296381004,0.997309296381004,0,0.499932560021581,0.499932560021581,29.6370000000006
0.45,19,61,0.994976251370113,0.997205033928198,0,0,0,0.999895093366903,0.999895093366903,0,0,0.997309376821776,0.997309376821776,0,0.499947546683452,0.499947546683452,42.527
0.45,19,81,0.995049324077457,0.997205033928198,0,0,0,0.999895093366903,0.999895093366903,0,0,0.997309376821776,0.997309376821776,0,0.499947546683452,0.499947546683452,56.4249999999993
0.45,19,101,0.994976251370113,0.997219980270828,0,0,0,0.999910080028774,0.999910080028774,0,0,0.997309417040359,0.997309417040359,0,0.499955040014387,0.499955040014387,69.4079999999994
0.45,19,121,0.995012787723785,0.997219980270828,0,0,0,0.999910080028774,0.999910080028774,0,0,0.997309417040359,0.997309417040359,0,0.499955040014387,0.499955040014387,81.5759999999991
0.45,19,141,0.995067592254293,0.997219980270828,0,0,0,0.999910080028774,0.999910080028774,0,0,0.997309417040359,0.997309417040359,0,0.499955040014387,0.499955040014387,95.5479999999989
0.45,19,161,0.995049324077457,0.997205033928198,0,0,0,0.999895093366903,0.999895093366903,0,0,0.997309376821776,0.997309376821776,0,0.499947546683452,0.499947546683452,108.843999999999
0.45,19,181,0.995012787723785,0.997205033928198,0,0,0,0.999895093366903,0.999895093366903,0,0,0.997309376821776,0.997309376821776,0,0.499947546683452,0.499947546683452,123.291999999999
0.45,19,201,0.995012787723785,0.997205033928198,0,0,0,0.999895093366903,0.999895093366903,0,0,0.997309376821776,0.997309376821776,0,0.499947546683452,0.499947546683452,135.779999999999
0.45,22,1,0.990571898410378,0.988668639937812,0.0166666666666667,0.0166666666666667,0.0166666666666667,0.991291183259886,0.991291183259886,0.0166666666666667,0.00513698630136989,0.997330719348515,0.997330719348515,0.00513698630136989,0.503978924963276,0.503978924963276,3.70600000000013
0.45,22,21,0.994920518911018,0.997219481567854,0,0,0,0.999910063854663,0.999910063854663,0,0,0.997308934337998,0.997308934337998,0,0.499955031927332,0.499955031927332,16.1959999999999
0.45,22,41,0.995048419513978,0.997204532544025,0,0,0,0.999895074497107,0.999895074497107,0,0,0.997308894104983,0.997308894104983,0,0.499947537248554,0.499947537248554,28.3109999999997
0.45,22,61,0.994957061940435,0.997219481567854,0,0,0,0.999910063854663,0.999910063854663,0,0,0.997308934337998,0.997308934337998,0,0.499955031927332,0.499955031927332,41.0239999999994
0.45,22,81,0.995011876484561,0.997234430591682,0,0,0,0.999925053212219,0.999925053212219,0,0,0.99730897456981,0.99730897456981,0,0.49996252660611,0.49996252660611,53.7839999999997
0.45,22,101,0.995048419513978,0.997249379615511,0,0,0,0.999940042569775,0.999940042569775,0,0,0.997309014800419,0.997309014800419,0,0.499970021284888,0.499970021284888,66.3889999999992
0.45,22,121,0.994993604969852,0.997249379615511,0,0,0,0.999940042569775,0.999940042569775,0,0,0.997309014800419,0.997309014800419,0,0.499970021284888,0.499970021284888,79.3550000000014
0.45,22,141,0.994975333455143,0.997114838401052,0,0,0,0.99980513835177,0.99980513835177,0,0,0.997308652681629,0.997308652681629,0,0.499902569175885,0.499902569175885,95.8379999999997
0.45,22,161,0.995011876484561,0.997249379615511,0,0,0,0.999940042569775,0.999940042569775,0,0,0.997309014800419,0.997309014800419,0,0.499970021284888,0.499970021284888,104.768
0.45,22,181,0.995011876484561,0.997249379615511,0,0,0,0.999940042569775,0.999940042569775,0,0,0.997309014800419,0.997309014800419,0,0.499970021284888,0.499970021284888,116.573
0.45,22,201,0.995066691028686,0.997249379615511,0,0,0,0.999940042569775,0.999940042569775,0,0,0.997309014800419,0.997309014800419,0,0.499970021284888,0.499970021284888,129.139999999999
0.55,1,1,0.99086599021762,0.993659900239352,0,0,0,0.996116931643344,0.996116931643344,0,0,0.997523799042536,0.997523799042536,0,0.498058465821672,0.498058465821672,4.38800000000083
0.55,1,21,0.995261088374351,0.997405492316968,0,0,0,0.99987178547879,0.99987178547879,0,0,0.997533075067612,0.997533075067612,0,0.499935892739395,0.499935892739395,21.4539999999997
0.55,1,41,0.995320882458369,0.997405492316968,0,0,0,0.99987178547879,0.99987178547879,0,0,0.997533075067612,0.997533075067612,0,0.499935892739395,0.499935892739395,38.9000000000015
0.55,1,61,0.995246135104325,0.997314136412636,0,0,0,0.999780203677925,0.999780203677925,0,0,0.99753284965003,0.99753284965003,0,0.499890101838963,0.499890101838963,55.5660000000007
0.55,1,81,0.995290983740235,0.997423763497835,0,0,0,0.999890101838963,0.999890101838963,0,0,0.997533120146185,0.997533120146185,0,0.499945050919481,0.499945050919481,73.3760000000002
0.55,1,101,0.995261085022101,0.997405492316968,0,0,0,0.99987178547879,0.99987178547879,0,0,0.997533075067612,0.997533075067612,0,0.499935892739395,0.499935892739395,89.4869999999992
0.55,1,121,0.995335832376145,0.997204509327438,0,0,0,0.999670305516888,0.999670305516888,0,0,0.997532579094548,0.997532579094548,0,0.499835152758444,0.499835152758444,106.704
0.55,1,141,0.995365731094279,0.997368949955236,0,0,0,0.999835152758444,0.999835152758444,0,0,0.997532984905522,0.997532984905522,0,0.499917576379222,0.499917576379222,124.52
0.55,1,161,0.995350781176504,0.997405492316968,0,0,0,0.99987178547879,0.99987178547879,0,0,0.997533075067612,0.997533075067612,0,0.499935892739395,0.499935892739395,141.538999999999
0.55,1,181,0.995365731094279,0.997350678774369,0,0,0,0.999816836398271,0.999816836398271,0,0,0.997532939822006,0.997532939822006,0,0.499908418199135,0.499908418199135,158.754000000001
0.55,1,201,0.995350781176504,0.997259322870037,0,0,0,0.999725254597406,0.999725254597406,0,0,0.997532714379706,0.997532714379706,0,0.499862627298703,0.499862627298703,176.41
0.55,4,1,0.990761073730605,0.990370735807342,0.00740740740740741,0.00740740740740741,0.00740740740740741,0.992801406747994,0.992801406747994,0.00740740740740741,0.00253807106598986,0.997533817981044,0.997533817981044,0.00253807106598986,0.500104407077701,0.500104407077701,4.61399999999776
0.55,4,21,0.995350647086502,0.997332310109814,0,0,0,0.999798512657069,0.999798512657069,0,0,0.99753280456157,0.99753280456157,0,0.499899256328534,0.499899256328534,20.5709999999999
0.55,4,41,0.9952908474154,0.99749675674688,0,0,0,0.999963365937649,0.999963365937649,0,0,0.99753321029839,0.99753321029839,0,0.499981682968824,0.499981682968824,38.2109999999993
0.55,4,61,0.995395492370162,0.997222679018436,0,0,0,0.999688610470015,0.999688610470015,0,0,0.997532533996198,0.997532533996198,0,0.499844305235008,0.499844305235008,57.5499999999993
0.55,4,81,0.995380543569803,0.997204407169873,0,0,0,0.999670293438839,0.999670293438839,0,0,0.9975324888962,0.9975324888962,0,0.49983514671942,0.49983514671942,74.5300000000025
0.55,4,101,0.995380543569803,0.997204407169873,0,0,0,0.999670293438839,0.999670293438839,0,0,0.9975324888962,0.9975324888962,0,0.49983514671942,0.49983514671942,92.6150000000016
0.55,4,121,0.995350644851669,0.997204407169873,0,0,0,0.999670293438839,0.999670293438839,0,0,0.9975324888962,0.9975324888962,0,0.49983514671942,0.49983514671942,110.796000000002
0.55,4,141,0.995380544687219,0.997204407169873,0,0,0,0.999670293438839,0.999670293438839,0,0,0.9975324888962,0.9975324888962,0,0.49983514671942,0.49983514671942,127.896000000001
0.55,4,161,0.995395494604995,0.997204407169873,0,0,0,0.999670293438839,0.999670293438839,0,0,0.9975324888962,0.9975324888962,0,0.49983514671942,0.49983514671942,143.955000000002
0.55,4,181,0.995440343240905,0.997204407169873,0,0,0,0.999670293438839,0.999670293438839,0,0,0.9975324888962,0.9975324888962,0,0.49983514671942,0.49983514671942,164.375
0.55,4,201,0.99541044452277,0.997204407169873,0,0,0,0.999670293438839,0.999670293438839,0,0,0.9975324888962,0.9975324888962,0,0.49983514671942,0.49983514671942,180.879000000001
0.55,7,1,0.990880145591658,0.986404999451814,0.0222222222222222,0.0222222222222222,0.0222222222222222,0.988789360883662,0.988789360883662,0.0222222222222222,0.00487804878048778,0.997560569939569,0.997560569939569,0.00487804878048778,0.505505791552942,0.505505791552942,4.37900000000081
0.55,7,21,0.995290568030156,0.997368709571319,0,0,0,0.999835137660054,0.999835137660054,0,0,0.997532759471462,0.997532759471462,0,0.499917568830027,0.499917568830027,21.518
0.55,7,41,0.995290564677404,0.997460073822315,0,0,0,0.999926727848913,0.999926727848913,0,0,0.997532984905522,0.997532984905522,0,0.499963363924456,0.499963363924456,39.0629999999983
0.55,7,61,0.995275614759629,0.997460073822315,0,0,0,0.999926727848913,0.999926727848913,0,0,0.997532984905522,0.997532984905522,0,0.499963363924456,0.499963363924456,54.4330000000009
0.55,7,81,0.995305515712764,0.997460073822315,0,0,0,0.999926727848913,0.999926727848913,0,0,0.997532984905522,0.997532984905522,0,0.499963363924456,0.499963363924456,72.6759999999995
0.55,7,101,0.995290566912572,0.997478346672514,0,0,0,0.999945045886685,0.999945045886685,0,0,0.997533029987391,0.997533029987391,0,0.499972522943342,0.499972522943342,90.0790000000015
0.55,7,121,0.995320467865707,0.997478346672514,0,0,0,0.999945045886685,0.999945045886685,0,0,0.997533029987391,0.997533029987391,0,0.499972522943342,0.499972522943342,105.999
0.55,7,141,0.995335417783482,0.997478346672514,0,0,0,0.999945045886685,0.999945045886685,0,0,0.997533029987391,0.997533029987391,0,0.499972522943342,0.499972522943342,124.803
0.55,7,161,0.995290565794988,0.997460073822315,0,0,0,0.999926727848913,0.999926727848913,0,0,0.997532984905522,0.997532984905522,0,0.499963363924456,0.499963363924456,142.348000000002
0.55,7,181,0.995350368818841,0.997460073822315,0,0,0,0.999926727848913,0.999926727848913,0,0,0.997532984905522,0.997532984905522,0,0.499963363924456,0.499963363924456,159.667000000001
0.55,7,201,0.995350368818841,0.997478346672514,0,0,0,0.999945045886685,0.999945045886685,0,0,0.997533029987391,0.997533029987391,0,0.499972522943342,0.499972522943342,175.996999999999
0.55,10,1,0.990804564438426,0.994810131208655,0,0,0,0.997270412369245,0.997270412369245,0,0,0.997526249244132,0.997526249244132,0,0.498635206184623,0.498635206184623,4.18099999999686
0.55,10,21,0.995215388129593,0.997514710719637,0,0,0,0.999981680619928,0.999981680619928,0,0,0.997532939822006,0.997532939822006,0,0.499990840309964,0.499990840309964,21.1739999999991
0.55,10,41,0.995140629599545,0.996582727239501,0,0,0,0.999047392236247,0.999047392236247,0,0,0.997530638375709,0.997530638375709,0,0.499523696118123,0.499523696118123,38.3580000000002
0.55,10,61,0.995185480470121,0.997532984905522,0,0,0,1,1,0,NA,0.997532984905522,0.997532984905522,NA,0.5,0.5,52.9629999999997
0.55,10,81,0.995245286847059,0.997478162347867,0,0,0,0.999945041859784,0.999945041859784,0,0,0.99753284965003,0.99753284965003,0,0.499972520929892,0.499972520929892,69.3899999999994
0.55,10,101,0.995215384776341,0.997441613976097,0,0,0,0.999908403099639,0.999908403099639,0,0,0.997532759471462,0.997532759471462,0,0.49995420154982,0.49995420154982,85.0310000000027
0.55,10,121,0.995200432623231,0.995468001900515,0,0,0,0.997929910051844,0.997929910051844,0,0,0.997527880019777,0.997527880019777,0,0.498964955025922,0.498964955025922,107.029000000002
0.55,10,141,0.995215385894092,0.996052775848836,0,0,0,0.998516130214154,0.998516130214154,0,0,0.997529327794147,0.997529327794147,0,0.499258065107077,0.499258065107077,123.945
0.55,10,161,0.995215385894092,0.997441613976097,0,0,0,0.999908403099639,0.999908403099639,0,0,0.997532759471462,0.997532759471462,0,0.49995420154982,0.49995420154982,133.431
0.55,10,181,0.995215385894092,0.996802017470122,0,0,0,0.999267224797113,0.999267224797113,0,0,0.997531180278702,0.997531180278702,0,0.499633612398556,0.499633612398556,159.065999999999
0.55,10,201,0.995215385894092,0.997222323745477,0,0,0,0.999688570538773,0.999688570538773,0,0,0.997532218261585,0.997532218261585,0,0.499844285269386,0.499844285269386,175.665000000001
0.55,13,1,0.990938189177215,0.895990203962278,0.0740740740740741,0.0740740740740741,0.0740740740740741,0.898023121599091,0.898023121599091,0.0740740740740741,0.00179340028694405,0.997456247456248,0.997456247456248,0.00179340028694405,0.486048597836583,0.486048597836583,4.1820000000007
0.55,13,21,0.995334512354142,0.997532714379706,0,0,0,1,1,0,NA,0.997532714379706,0.997532714379706,NA,0.5,0.5,21.8509999999987
0.55,13,41,0.995349464507085,0.997514438189926,0,0,0,0.999981678606108,0.999981678606108,0,0,0.997532669286302,0.997532669286302,0,0.499990839303054,0.499990839303054,39.4529999999977
0.55,13,61,0.995334510117972,0.997514438189926,0,0,0,0.999981678606108,0.999981678606108,0,0,0.997532669286302,0.997532669286302,0,0.499990839303054,0.499990839303054,57.0989999999983
0.55,13,81,0.995379371049141,0.997514438189926,0,0,0,0.999981678606108,0.999981678606108,0,0,0.997532669286302,0.997532669286302,0,0.499990839303054,0.499990839303054,74.6839999999975
0.55,13,101,0.995319556846944,0.997514438189926,0,0,0,0.999981678606108,0.999981678606108,0,0,0.997532669286302,0.997532669286302,0,0.499990839303054,0.499990839303054,90.6990000000005
0.55,13,121,0.995319556846944,0.997514438189926,0,0,0,0.999981678606108,0.999981678606108,0,0,0.997532669286302,0.997532669286302,0,0.499990839303054,0.499990839303054,109.18
0.55,13,141,0.995334511236057,0.997514438189926,0,0,0,0.999981678606108,0.999981678606108,0,0,0.997532669286302,0.997532669286302,0,0.499990839303054,0.499990839303054,126.449000000001
0.55,13,161,0.995334511236057,0.997496162000146,0,0,0,0.999963357212217,0.999963357212217,0,0,0.997532624191249,0.997532624191249,0,0.499981678606108,0.499981678606108,144.163
0.55,13,181,0.99534946562517,0.997496162000146,0,0,0,0.999963357212217,0.999963357212217,0,0,0.997532624191249,0.997532624191249,0,0.499981678606108,0.499981678606108,162.150999999998
0.55,13,201,0.995364420014283,0.997496162000146,0,0,0,0.999963357212217,0.999963357212217,0,0,0.997532624191249,0.997532624191249,0,0.499981678606108,0.499981678606108,181.339
0.55,16,1,0.990802362970164,0.994498163007915,0,0,0,0.996958258511379,0.996958258511379,0,0,0.997524888619988,0.997524888619988,0,0.49847912925569,0.49847912925569,4.30500000000029
0.55,16,21,0.995169371120915,0.997404448993767,0,0,0,0.999871733792648,0.999871733792648,0,0,0.997532082922014,0.997532082922014,0,0.499935866896324,0.499935866896324,20.9910000000018
0.55,16,41,0.995214237643012,0.997514120163045,0,0,0,0.999981676256093,0.999981676256093,0,0,0.997532353586313,0.997532353586313,0,0.499990838128046,0.499990838128046,39.3109999999979
0.55,16,61,0.995229193150378,0.997514120163045,0,0,0,0.999981676256093,0.999981676256093,0,0,0.997532353586313,0.997532353586313,0,0.499990838128046,0.499990838128046,56.2750000000015
0.55,16,81,0.995199282135646,0.997514120163045,0,0,0,0.999981676256093,0.999981676256093,0,0,0.997532353586313,0.997532353586313,0,0.499990838128046,0.499990838128046,74.0900000000001
0.55,16,101,0.995214237643012,0.997514120163045,0,0,0,0.999981676256093,0.999981676256093,0,0,0.997532353586313,0.997532353586313,0,0.499990838128046,0.499990838128046,91.130000000001
0.55,16,121,0.995169371120915,0.997514120163045,0,0,0,0.999981676256093,0.999981676256093,0,0,0.997532353586313,0.997532353586313,0,0.499990838128046,0.499990838128046,109.032999999999
0.55,16,141,0.995139460106184,0.997532398691257,0,0,0,1,1,0,NA,0.997532398691257,0.997532398691257,NA,0.5,0.5,119.867000000002
0.55,16,161,0.995169371120915,0.997514120163045,0,0,0,0.999981676256093,0.999981676256093,0,0,0.997532353586313,0.997532353586313,0,0.499990838128046,0.499990838128046,141.885000000002
0.55,16,181,0.99515441561355,0.997514120163045,0,0,0,0.999981676256093,0.999981676256093,0,0,0.997532353586313,0.997532353586313,0,0.499990838128046,0.499990838128046,159.776999999998
0.55,16,201,0.995139460106184,0.997532398691257,0,0,0,1,1,0,NA,0.997532398691257,0.997532398691257,NA,0.5,0.5,169.918000000001
0.55,19,1,0.990651409767407,0.994314442413163,0.0148148148148148,0.0148148148148148,0.0148148148148148,0.996737835608907,0.996737835608907,0.0148148148148148,0.0111111111111112,0.997560528246515,0.997560528246515,0.0111111111111112,0.505776325211861,0.505776325211861,4.24399999999878
0.55,19,21,0.995153690823424,0.99745886654479,0,0,0,0.999926692935032,0.999926692935032,0,0,0.997531812198333,0.997531812198333,0,0.499963346467516,0.499963346467516,21.2439999999988
0.55,19,41,0.99519856405654,0.997531992687386,0,0,0,1,1,0,NA,0.997531992687386,0.997531992687386,NA,0.5,0.5,38.0270000000019
0.55,19,61,0.995168648567796,0.997531992687386,0,0,0,1,1,0,NA,0.997531992687386,0.997531992687386,NA,0.5,0.5,52.4580000000024
0.55,19,81,0.995168648567796,0.997531992687386,0,0,0,1,1,0,NA,0.997531992687386,0.997531992687386,NA,0.5,0.5,72.3509999999987
0.55,19,101,0.995153690823424,0.997531992687386,0,0,0,1,1,0,NA,0.997531992687386,0.997531992687386,NA,0.5,0.5,90.6269999999968
0.55,19,121,0.99519856405654,0.997531992687386,0,0,0,1,1,0,NA,0.997531992687386,0.997531992687386,NA,0.5,0.5,105.168999999998
0.55,19,141,0.995168648567796,0.997531992687386,0,0,0,1,1,0,NA,0.997531992687386,0.997531992687386,NA,0.5,0.5,122.361000000001
0.55,19,161,0.995168648567796,0.997531992687386,0,0,0,1,1,0,NA,0.997531992687386,0.997531992687386,NA,0.5,0.5,139.085999999999
0.55,19,181,0.995183606312168,0.997531992687386,0,0,0,1,1,0,NA,0.997531992687386,0.997531992687386,NA,0.5,0.5,156.559999999998
0.55,19,201,0.995168648567796,0.997531992687386,0,0,0,1,1,0,NA,0.997531992687386,0.997531992687386,NA,0.5,0.5,172.164999999997
0.55,22,1,0.990724538072505,0.99345401353081,0.00740740740740741,0.00740740740740741,0.00740740740740741,0.995894051874255,0.995894051874255,0.00740740740740741,0.0044444444444445,0.997539704397319,0.997539704397319,0.0044444444444445,0.501650729640831,0.501650729640831,4.51299999999901
0.55,22,21,0.995182740298964,0.997421832144816,0,0,0,0.999890019246632,0.999890019246632,0,0,0.997531270572745,0.997531270572745,0,0.499945009623316,0.499945009623316,21.4069999999992
0.55,22,41,0.995182740298964,0.997458401901627,0,0,0,0.999926679497755,0.999926679497755,0,0,0.997531360860184,0.997531360860184,0,0.499963339748877,0.499963339748877,39.0829999999987
0.55,22,61,0.995137858114642,0.99753154141525,0,0,0,1,1,0,NA,0.99753154141525,0.99753154141525,NA,0.5,0.5,56.6460000000006
0.55,22,81,0.995152821453957,0.997476686780033,0,0,0,0.999945009623316,0.999945009623316,0,0,0.997531406001426,0.997531406001426,0,0.499972504811658,0.499972504811658,73.3780000000006
0.55,22,101,0.995197700281012,0.997440117023222,0,0,0,0.999908349372193,0.999908349372193,0,0,0.99753131571729,0.99753131571729,0,0.499954174686097,0.499954174686097,90.7860000000001
0.55,22,121,0.995167779197827,0.997440117023222,0,0,0,0.999908349372193,0.999908349372193,0,0,0.99753131571729,0.99753131571729,0,0.499954174686097,0.499954174686097,107.003000000001
0.55,22,141,0.995197701400101,0.997440117023222,0,0,0,0.999908349372193,0.999908349372193,0,0,0.99753131571729,0.99753131571729,0,0.499954174686097,0.499954174686097,125.698999999997
0.55,22,161,0.995182741418053,0.997440117023222,0,0,0,0.999908349372193,0.999908349372193,0,0,0.99753131571729,0.99753131571729,0,0.499954174686097,0.499954174686097,143.511999999999
0.55,22,181,0.995182741418053,0.997440117023222,0,0,0,0.999908349372193,0.999908349372193,0,0,0.99753131571729,0.99753131571729,0,0.499954174686097,0.499954174686097,161.061000000002
0.55,22,201,0.995242581346245,0.997440117023222,0,0,0,0.999908349372193,0.999908349372193,0,0,0.99753131571729,0.99753131571729,0,0.499954174686097,0.499954174686097,178.114000000001
0.65,1,1,0.991721094349025,0.993205914850601,0.03,0.03,0.03,0.995475646252091,0.995475646252091,0.03,0.0153846153846152,0.997709130414246,0.997709130414246,0.0153846153846152,0.512737823126046,0.512737823126046,5.04100000000108
0.65,1,21,0.995645347686643,0.99760208759433,0,0,0,0.999952871315126,0.999952871315126,0,0,0.997648994945339,0.997648994945339,0,0.499976435657563,0.499976435657563,26.3899999999994
0.65,1,41,0.995632690259999,0.997649105484637,0,0,0,1,1,0,NA,0.997649105484637,0.997649105484637,NA,0.5,0.5,47.9720000000016
0.65,1,61,0.995683323972596,0.997484542868561,0,0,0,0.999835049602941,0.999835049602941,0,0,0.997648718551611,0.997648718551611,0,0.49991752480147,0.49991752480147,73.726999999999
0.65,1,81,0.995620030429742,0.997484542868561,0,0,0,0.999835049602941,0.999835049602941,0,0,0.997648718551611,0.997648718551611,0,0.49991752480147,0.49991752480147,96.2800000000025
0.65,1,101,0.995645346084234,0.997484542868561,0,0,0,0.999835049602941,0.999835049602941,0,0,0.997648718551611,0.997648718551611,0,0.49991752480147,0.49991752480147,120.322
0.65,1,121,0.99560737140069,0.997461033923408,0,0,0,0.999811485260504,0.999811485260504,0,0,0.997648663265066,0.997648663265066,0,0.499905742630252,0.499905742630252,141.644
0.65,1,141,0.995620029628538,0.997461033923408,0,0,0,0.999811485260504,0.999811485260504,0,0,0.997648663265066,0.997648663265066,0,0.499905742630252,0.499905742630252,166.031000000003
0.65,1,161,0.995569394313532,0.997484542868561,0,0,0,0.999835049602941,0.999835049602941,0,0,0.997648718551611,0.997648718551611,0,0.49991752480147,0.49991752480147,185.219999999998
0.65,1,181,0.995569392711123,0.997531560758869,0,0,0,0.999882178287815,0.999882178287815,0,0,0.9976488291169,0.9976488291169,0,0.499941089143907,0.499941089143907,208.901000000002
0.65,1,201,0.995569392711123,0.997484542868561,0,0,0,0.999835049602941,0.999835049602941,0,0,0.997648718551611,0.997648718551611,0,0.49991752480147,0.49991752480147,231.066000000003
0.65,4,1,0.991505575954531,0.991959751739703,0.01,0.01,0.01,0.994273729852012,0.994273729852012,0.01,0.00409836065573771,0.997659131750686,0.997659131750686,0.00409836065573771,0.502136864926006,0.502136864926006,5.10900000000038
0.65,4,21,0.995657845660025,0.99746097423359,0,0,0,0.999811480818173,0.999811480818173,0,0,0.997648607975922,0.997648607975922,0,0.499905740409087,0.499905740409087,26.4169999999976
0.65,4,41,0.995657843256107,0.997413955237916,0,0,0,0.999764351022717,0.999764351022717,0,0,0.997648497389832,0.997648497389832,0,0.499882175511358,0.499882175511358,47.0040000000008
0.65,4,61,0.995657844057413,0.997296407748731,0,0,0,0.999646526534075,0.999646526534075,0,0,0.997648220879095,0.997648220879095,0,0.499823263267037,0.499823263267037,68.1880000000019
0.65,4,81,0.995695821945876,0.997225879255219,0,0,0,0.99957583184089,0.99957583184089,0,0,0.997648054941437,0.997648054941437,0,0.499787915920445,0.499787915920445,94.5950000000012
0.65,4,101,0.995645185028361,0.997225879255219,0,0,0,0.99957583184089,0.99957583184089,0,0,0.997648054941437,0.997648054941437,0,0.499787915920445,0.499787915920445,117.252
0.65,4,121,0.995632524396697,0.997225879255219,0,0,0,0.99957583184089,0.99957583184089,0,0,0.997648054941437,0.997648054941437,0,0.499787915920445,0.499787915920445,138.869999999999
0.65,4,141,0.995670503086466,0.997225879255219,0,0,0,0.99957583184089,0.99957583184089,0,0,0.997648054941437,0.997648054941437,0,0.499787915920445,0.499787915920445,160.841
0.65,4,161,0.995645185028361,0.997225879255219,0,0,0,0.99957583184089,0.99957583184089,0,0,0.997648054941437,0.997648054941437,0,0.499787915920445,0.499787915920445,183.192999999999
0.65,4,181,0.995645184227055,0.997225879255219,0,0,0,0.99957583184089,0.99957583184089,0,0,0.997648054941437,0.997648054941437,0,0.499787915920445,0.499787915920445,205.330000000002
0.65,4,201,0.995632525198002,0.997507993229265,0,0,0,0.99985861061363,0.99985861061363,0,0,0.997648718551611,0.997648718551611,0,0.499929305306815,0.499929305306815,218.133000000002
0.65,7,1,0.991277284721316,0.994192744457245,0.01,0.01,0.01,0.996512148563618,0.996512148563618,0.01,0.00671140939597311,0.997664212910532,0.997664212910532,0.00671140939597311,0.503256074281809,0.503256074281809,4.98500000000058
0.65,7,21,0.995467723030416,0.996496837749512,0,0,0,0.998845238375792,0.998845238375792,0,0,0.997646172676772,0.997646172676772,0,0.499422619187896,0.499422619187896,28.2839999999997
0.65,7,41,0.995556342644331,0.996920038558296,0,0,0,0.999269436523461,0.999269436523461,0,0,0.997647169544963,0.997647169544963,0,0.49963471826173,0.49963471826173,48.755000000001
0.65,7,61,0.995543682813973,0.997225683586862,0,0,0,0.999575801852332,0.999575801852332,0,0,0.99764788898036,0.99764788898036,0,0.499787900926166,0.499787900926166,70.0509999999995
0.65,7,81,0.995569000871875,0.996590882373686,0,0,0,0.99893950463083,0.99893950463083,0,0,0.997646394276031,0.997646394276031,0,0.499469752315415,0.499469752315415,95.744999999999
0.65,7,101,0.995594322135406,0.996567371217643,0,0,0,0.99891593806707,0.99891593806707,0,0,0.997646338880128,0.997646338880128,0,0.499457969033535,0.499457969033535,119.482
0.65,7,121,0.99558166150364,0.996567371217643,0,0,0,0.99891593806707,0.99891593806707,0,0,0.997646338880128,0.997646338880128,0,0.499457969033535,0.499457969033535,141.811000000002
0.65,7,141,0.995632302427888,0.996543860061599,0,0,0,0.998892371503311,0.998892371503311,0,0,0.997646283481617,0.997646283481617,0,0.499446185751656,0.499446185751656,164.643
0.65,7,161,0.995632303229295,0.996543860061599,0,0,0,0.998892371503311,0.998892371503311,0,0,0.997646283481617,0.997646283481617,0,0.499446185751656,0.499446185751656,189.081000000002
0.65,7,181,0.995644963059654,0.996543860061599,0,0,0,0.998892371503311,0.998892371503311,0,0,0.997646283481617,0.997646283481617,0,0.499446185751656,0.499446185751656,211.113999999998
0.65,7,201,0.995632302427888,0.996520348905556,0,0,0,0.998868804939552,0.998868804939552,0,0,0.997646228080499,0.997646228080499,0,0.499434402469776,0.499434402469776,236.213
0.65,10,1,0.99168165154014,0.994051257935575,0,0,0,0.996394060806033,0.996394060806033,0,0,0.997640229369705,0.997640229369705,0,0.498197030403017,0.498197030403017,4.88700000000244
0.65,10,21,0.995517968038173,0.997648718551611,0,0,0,1,1,0,NA,0.997648718551611,0.997648718551611,NA,0.5,0.5,26.974000000002
0.65,10,41,0.995543286897177,0.997625205737127,0,0,0,0.999976431769974,0.999976431769974,0,0,0.997648663265066,0.997648663265066,0,0.499988215884987,0.499988215884987,47.1510000000017
0.65,10,61,0.995581273601526,0.997648718551611,0,0,0,1,1,0,NA,0.997648718551611,0.997648718551611,NA,0.5,0.5,72.2209999999977
0.65,10,81,0.995619254695314,0.997648718551611,0,0,0,1,1,0,NA,0.997648718551611,0.997648718551611,NA,0.5,0.5,89.0970000000016
0.65,10,101,0.995657240598154,0.997648718551611,0,0,0,1,1,0,NA,0.997648718551611,0.997648718551611,NA,0.5,0.5,117.327000000001
0.65,10,121,0.995644579966389,0.997648718551611,0,0,0,1,1,0,NA,0.997648718551611,0.997648718551611,NA,0.5,0.5,137.537999999997
0.65,10,141,0.995657238193628,0.997648718551611,0,0,0,1,1,0,NA,0.997648718551611,0.997648718551611,NA,0.5,0.5,162.168000000001
0.65,10,161,0.995657238193628,0.997648718551611,0,0,0,1,1,0,NA,0.997648718551611,0.997648718551611,NA,0.5,0.5,185.595000000001
0.65,10,181,0.995657239796646,0.997648718551611,0,0,0,1,1,0,NA,0.997648718551611,0.997648718551611,NA,0.5,0.5,205.469000000001
0.65,10,201,0.995644578363371,0.997648718551611,0,0,0,1,1,0,NA,0.997648718551611,0.997648718551611,NA,0.5,0.5,225.672999999999
0.65,13,1,0.991085664781161,0.988265726043504,0,0,0,0.99059516794343,0.99059516794343,0,0,0.997626169111712,0.997626169111712,0,0.495297583971715,0.495297583971715,4.99299999999857
0.65,13,21,0.995479525224717,0.997648442092887,0,0,0,1,1,0,NA,0.997648442092887,0.997648442092887,NA,0.5,0.5,27.1670000000013
0.65,13,41,0.995530174965966,0.997648442092887,0,0,0,1,1,0,NA,0.997648442092887,0.997648442092887,NA,0.5,0.5,48.2979999999989
0.65,13,61,0.99551751192937,0.997648442092887,0,0,0,1,1,0,NA,0.997648442092887,0.997648442092887,NA,0.5,0.5,71.726999999999
0.65,13,81,0.995530174965966,0.997648442092887,0,0,0,1,1,0,NA,0.997648442092887,0.997648442092887,NA,0.5,0.5,92.7679999999964
0.65,13,101,0.995542837200851,0.997648442092887,0,0,0,1,1,0,NA,0.997648442092887,0.997648442092887,NA,0.5,0.5,115.088
0.65,13,121,0.995542836399139,0.997648442092887,0,0,0,1,1,0,NA,0.997648442092887,0.997648442092887,NA,0.5,0.5,136.257999999998
0.65,13,141,0.995530174164255,0.997648442092887,0,0,0,1,1,0,NA,0.997648442092887,0.997648442092887,NA,0.5,0.5,158.286
0.65,13,161,0.995530174164255,0.997648442092887,0,0,0,1,1,0,NA,0.997648442092887,0.997648442092887,NA,0.5,0.5,192.608
0.65,13,181,0.995542836399139,0.997648442092887,0,0,0,1,1,0,NA,0.997648442092887,0.997648442092887,NA,0.5,0.5,214.948
0.65,13,201,0.995542836399139,0.997648442092887,0,0,0,1,1,0,NA,0.997648442092887,0.997648442092887,NA,0.5,0.5,225.117999999999
0.65,16,1,0.991831600491696,0.959830667920978,0.04,0.04,0.04,0.961999057048562,0.961999057048562,0.04,0.00247524752475248,0.997653041267358,0.997653041267358,0.00247524752475248,0.500999528524281,0.500999528524281,5.03600000000006
0.65,16,21,0.99559287356928,0.994402634054563,0,0,0,0.996746817538897,0.996746817538897,0,0,0.99764050776273,0.99764050776273,0,0.498373408769448,0.498373408769448,27.3339999999989
0.65,16,41,0.995592872767365,0.997624647224835,0,0,0,0.99997642621405,0.99997642621405,0,0,0.997648110256591,0.997648110256591,0,0.499988213107025,0.499988213107025,47.3320000000022
0.65,16,61,0.995656195167071,0.996495766698024,0,0,0,0.998844884488449,0.998844884488449,0,0,0.997645452190907,0.997645452190907,0,0.499422442244224,0.499422442244224,72.2160000000003
0.65,16,81,0.995656195167071,0.99656632173095,0,0,0,0.998915605846299,0.998915605846299,0,0,0.997645618496021,0.997645618496021,0,0.499457802923149,0.499457802923149,95.7330000000002
0.65,16,101,0.995618202048013,0.996848541862653,0,0,0,0.999198491277699,0.999198491277699,0,0,0.997646283481617,0.997646283481617,0,0.49959924563885,0.49959924563885,118.34
0.65,16,121,0.995643530526747,0.996989651928504,0,0,0,0.999339933993399,0.999339933993399,0,0,0.997646615833569,0.997646615833569,0,0.4996699669967,0.4996699669967,139.753999999997
0.65,16,141,0.995618202849928,0.99689557855127,0,0,0,0.999245638849599,0.999245638849599,0,0,0.997646394276031,0.997646394276031,0,0.4996228194248,0.4996228194248,162.822
0.65,16,161,0.995618202048013,0.996966133584196,0,0,0,0.999316360207449,0.999316360207449,0,0,0.997646560448095,0.997646560448095,0,0.499658180103725,0.499658180103725,183.314000000002
0.65,16,181,0.995630865886423,0.996613358419567,0,0,0,0.998962753418199,0.998962753418199,0,0,0.997645729353046,0.997645729353046,0,0.499481376709099,0.499481376709099,207.351000000002
0.65,16,201,0.995630865886423,0.996448730009407,0,0,0,0.998797736916549,0.998797736916549,0,0,0.997645341307777,0.997645341307777,0,0.499398868458274,0.499398868458274,227.264999999999
0.65,19,1,0.991437718208667,0.983793192670477,0.03,0.03,0.03,0.986042015419801,0.986042015419801,0.03,0.00504201680672269,0.997685958299537,0.997685958299537,0.00504201680672269,0.5080210077099,0.5080210077099,5.0470000000023
0.65,19,21,0.995579537634351,0.997624256109896,0,0,0,0.999976422323344,0.999976422323344,0,0,0.99764772299586,0.99764772299586,0,0.499988211161672,0.499988211161672,25.6059999999998
0.65,19,41,0.995604870925386,0.997530167242961,0,0,0,0.999882111616721,0.999882111616721,0,0,0.997647501646749,0.997647501646749,0,0.499941055808361,0.499941055808361,48.8120000000017
0.65,19,61,0.995617535565609,0.99764777832663,0,0,0,1,1,0,NA,0.99764777832663,0.99764777832663,NA,0.5,0.5,67.0509999999995
0.65,19,81,0.995604870123268,0.99764777832663,0,0,0,1,1,0,NA,0.99764777832663,0.99764777832663,NA,0.5,0.5,88.3470000000016
0.65,19,101,0.995579537634351,0.997483122809494,0,0,0,0.99983495626341,0.99983495626341,0,0,0.997647390956571,0.997647390956571,0,0.499917478131705,0.499917478131705,115.689000000002
0.65,19,121,0.995604870123268,0.997553689459695,0,0,0,0.999905689293377,0.999905689293377,0,0,0.997647556987932,0.997647556987932,0,0.499952844646688,0.499952844646688,136.377
0.65,19,141,0.995630201810067,0.997553689459695,0,0,0,0.999905689293377,0.999905689293377,0,0,0.997647556987932,0.997647556987932,0,0.499952844646688,0.499952844646688,160.493999999999
0.65,19,161,0.995617535565609,0.997600733893162,0,0,0,0.999952844646689,0.999952844646689,0,0,0.997647667662487,0.997647667662487,0,0.499976422323344,0.499976422323344,180.946
0.65,19,181,0.995642867252408,0.997600733893162,0,0,0,0.999952844646689,0.999952844646689,0,0,0.997647667662487,0.997647667662487,0,0.499976422323344,0.499976422323344,203.054
0.65,19,201,0.995630201007949,0.997600733893162,0,0,0,0.999952844646689,0.999952844646689,0,0,0.997647667662487,0.997647667662487,0,0.499976422323344,0.499976422323344,227.510999999999
0.65,22,1,0.991284194907282,0.973085519350665,0.07,0.07,0.07,0.975215186888339,0.975215186888339,0.07,0.00661625708884688,0.99775617053104,0.99775617053104,0.00661625708884688,0.522607593444169,0.522607593444169,5.21499999999651
0.65,22,21,0.995540751050745,0.997106222797318,0,0,0,0.999457611130763,0.999457611130763,0,0,0.997646061861494,0.997646061861494,0,0.499728805565381,0.499728805565381,28.1739999999991
0.65,22,41,0.995591420841896,0.997553229031879,0,0,0,0.999905671501002,0.999905671501002,0,0,0.997647114185549,0.997647114185549,0,0.499952835750501,0.499952835750501,50.8629999999976
0.65,22,61,0.995528084004168,0.997647335607576,0,0,0,1,1,0,NA,0.997647335607576,0.997647335607576,NA,0.5,0.5,72.4360000000015
0.65,22,81,0.99555342050459,0.997647335607576,0,0,0,1,1,0,NA,0.997647335607576,0.997647335607576,NA,0.5,0.5,96.5579999999973
0.65,22,101,0.995566088353589,0.997600282319727,0,0,0,0.999952835750501,0.999952835750501,0,0,0.997647224901772,0.997647224901772,0,0.499976417875251,0.499976417875251,119.215000000004
0.65,22,121,0.995566087551166,0.997600282319727,0,0,0,0.999952835750501,0.999952835750501,0,0,0.997647224901772,0.997647224901772,0,0.499976417875251,0.499976417875251,143.642
0.65,22,141,0.995578756202588,0.997623808963651,0,0,0,0.999976417875251,0.999976417875251,0,0,0.997647280255976,0.997647280255976,0,0.499988208937625,0.499988208937625,164.199000000001
0.65,22,161,0.995566087551166,0.997623808963651,0,0,0,0.999976417875251,0.999976417875251,0,0,0.997647280255976,0.997647280255976,0,0.499988208937625,0.499988208937625,187.531000000003
0.65,22,181,0.995604091900586,0.997623808963651,0,0,0,0.999976417875251,0.999976417875251,0,0,0.997647280255976,0.997647280255976,0,0.499988208937625,0.499988208937625,210.131999999998
0.65,22,201,0.995604091900586,0.997623808963651,0,0,0,0.999976417875251,0.999976417875251,0,0,0.997647280255976,0.997647280255976,0,0.499988208937625,0.499988208937625,233.594000000005
0.75,1,1,0.992336491931591,0.994071341523665,0,0,0,0.996500148578598,0.996500148578598,0,0,0.997554123285407,0.997554123285407,0,0.498250074289299,0.498250074289299,6.00100000000384
0.75,1,21,0.995893763803755,0.997562662626396,0,0,0,1,1,0,NA,0.997562662626396,0.997562662626396,NA,0.5,0.5,33.4729999999981
0.75,1,41,0.99593768003358,0.997562662626396,0,0,0,1,1,0,NA,0.997562662626396,0.997562662626396,NA,0.5,0.5,60.9080000000031
0.75,1,61,0.995882784444949,0.997562662626396,0,0,0,1,1,0,NA,0.997562662626396,0.997562662626396,NA,0.5,0.5,88.4329999999973
0.75,1,81,0.995860825727338,0.997562662626396,0,0,0,1,1,0,NA,0.997562662626396,0.997562662626396,NA,0.5,0.5,115.772999999994
0.75,1,101,0.995882783842251,0.997562662626396,0,0,0,1,1,0,NA,0.997562662626396,0.997562662626396,NA,0.5,0.5,144.476999999999
0.75,1,121,0.995849846368533,0.997562662626396,0,0,0,1,1,0,NA,0.997562662626396,0.997562662626396,NA,0.5,0.5,171.476999999999
0.75,1,141,0.995882783842251,0.997562662626396,0,0,0,1,1,0,NA,0.997562662626396,0.997562662626396,NA,0.5,0.5,200.019999999997
0.75,1,161,0.995849845765834,0.997562662626396,0,0,0,1,1,0,NA,0.997562662626396,0.997562662626396,NA,0.5,0.5,225.739999999998
0.75,1,181,0.995860825727338,0.997562662626396,0,0,0,1,1,0,NA,0.997562662626396,0.997562662626396,NA,0.5,0.5,255.325999999994
0.75,1,201,0.995882783842251,0.997562662626396,0,0,0,1,1,0,NA,0.997562662626396,0.997562662626396,NA,0.5,0.5,285.273000000001
0.75,4,1,0.992281345602247,0.993511198945981,0,0,0,0.995938717559268,0.995938717559268,0,0,0.997552667261964,0.997552667261964,0,0.497969358779634,0.497969358779634,5.76900000000023
0.75,4,21,0.996014406558273,0.997496706192358,0,0,0,0.999933962887143,0.999933962887143,0,0,0.997562421766915,0.997562421766915,0,0.499966981443571,0.499966981443571,32.7639999999956
0.75,4,41,0.996069302749535,0.997562582345191,0,0,0,1,1,0,NA,0.997562582345191,0.997562582345191,NA,0.5,0.5,59.0009999999966
0.75,4,61,0.995992446635132,0.997562582345191,0,0,0,1,1,0,NA,0.997562582345191,0.997562582345191,NA,0.5,0.5,86.4749999999985
0.75,4,81,0.996014405955508,0.997562582345191,0,0,0,1,1,0,NA,0.997562582345191,0.997562582345191,NA,0.5,0.5,111.768000000004
0.75,4,101,0.996036365275884,0.997562582345191,0,0,0,1,1,0,NA,0.997562582345191,0.997562582345191,NA,0.5,0.5,139.268000000004
0.75,4,121,0.995992446032368,0.997562582345191,0,0,0,1,1,0,NA,0.997562582345191,0.997562582345191,NA,0.5,0.5,165.534
0.75,4,141,0.996036364673119,0.997562582345191,0,0,0,1,1,0,NA,0.997562582345191,0.997562582345191,NA,0.5,0.5,193.828999999998
0.75,4,161,0.996014405955508,0.997562582345191,0,0,0,1,1,0,NA,0.997562582345191,0.997562582345191,NA,0.5,0.5,218.269
0.75,4,181,0.996014405352743,0.997562582345191,0,0,0,1,1,0,NA,0.997562582345191,0.997562582345191,NA,0.5,0.5,244.300999999999
0.75,4,201,0.996014405352743,0.997562582345191,0,0,0,1,1,0,NA,0.997562582345191,0.997562582345191,NA,0.5,0.5,272.347000000002
0.75,7,1,0.991995436811403,0.995190724026616,0.0135135135135135,0.0135135135135135,0.0135135135135135,0.997589486197332,0.997589486197332,0.0135135135135135,0.0135135135135134,0.997589486197332,0.997589486197332,0.0135135135135134,0.505551499855423,0.505551499855423,5.84399999999732
0.75,7,21,0.995893403948138,0.997430660781343,0,0,0,0.999867917051909,0.999867917051909,0,0,0.99756210054688,0.99756210054688,0,0.499933958525954,0.499933958525954,32.9890000000014
0.75,7,41,0.995937325602911,0.997562421766915,0,0,0,1,1,0,NA,0.997562421766915,0.997562421766915,NA,0.5,0.5,59.3600000000006
0.75,7,61,0.995860464666259,0.997562421766915,0,0,0,1,1,0,NA,0.997562421766915,0.997562421766915,NA,0.5,0.5,86.3039999999964
0.75,7,81,0.995926345038511,0.997562421766915,0,0,0,1,1,0,NA,0.997562421766915,0.997562421766915,NA,0.5,0.5,112.768000000004
0.75,7,101,0.99592634443568,0.997562421766915,0,0,0,1,1,0,NA,0.997562421766915,0.997562421766915,NA,0.5,0.5,139.271000000001
0.75,7,121,0.995904384512539,0.997562421766915,0,0,0,1,1,0,NA,0.997562421766915,0.997562421766915,NA,0.5,0.5,169.483999999997
0.75,7,141,0.995904384512539,0.997562421766915,0,0,0,1,1,0,NA,0.997562421766915,0.997562421766915,NA,0.5,0.5,194.827000000005
0.75,7,161,0.995882423986568,0.997562421766915,0,0,0,1,1,0,NA,0.997562421766915,0.997562421766915,NA,0.5,0.5,221.071000000004
0.75,7,181,0.995871444024998,0.997562421766915,0,0,0,1,1,0,NA,0.997562421766915,0.997562421766915,NA,0.5,0.5,248.799999999996
0.75,7,201,0.995871444024998,0.997562421766915,0,0,0,1,1,0,NA,0.997562421766915,0.997562421766915,NA,0.5,0.5,271.618000000002
0.75,10,1,0.991851995560576,0.968012913427329,0,0,0,0.970378442639192,0.970378442639192,0,0,0.997488034217047,0.997488034217047,0,0.485189221319596,0.485189221319596,5.89700000000448
0.75,10,21,0.995871080488058,0.997529318750824,0,0,0,0.999966977082095,0.999966977082095,0,0,0.997562180859825,0.997562180859825,0,0.499983488541047,0.499983488541047,30.9969999999958
0.75,10,41,0.995882060449628,0.997562261167479,0,0,0,1,1,0,NA,0.997562261167479,0.997562261167479,NA,0.5,0.5,56.7839999999997
0.75,10,61,0.995936966286185,0.997562261167479,0,0,0,1,1,0,NA,0.997562261167479,0.997562261167479,NA,0.5,0.5,82.0570000000007
0.75,10,81,0.995904022784224,0.997562261167479,0,0,0,1,1,0,NA,0.997562261167479,0.997562261167479,NA,0.5,0.5,106.595999999998
0.75,10,101,0.995893041013963,0.997562261167479,0,0,0,1,1,0,NA,0.997562261167479,0.997562261167479,NA,0.5,0.5,139.43
0.75,10,121,0.995925984515857,0.997562261167479,0,0,0,1,1,0,NA,0.997562261167479,0.997562261167479,NA,0.5,0.5,167.529000000002
0.75,10,141,0.995947947453416,0.997562261167479,0,0,0,1,1,0,NA,0.997562261167479,0.997562261167479,NA,0.5,0.5,193.821000000004
0.75,10,161,0.995969909185049,0.997562261167479,0,0,0,1,1,0,NA,0.997562261167479,0.997562261167479,NA,0.5,0.5,221.635000000002
0.75,10,181,0.995958928017751,0.997562261167479,0,0,0,1,1,0,NA,0.997562261167479,0.997562261167479,NA,0.5,0.5,247.756000000001
0.75,10,201,0.995947947453416,0.997562261167479,0,0,0,1,1,0,NA,0.997562261167479,0.997562261167479,NA,0.5,0.5,273.663
0.75,13,1,0.992103764661321,0.994893252503954,0,0,0,0.997324790276769,0.997324790276769,0,0,0.997555416074791,0.997555416074791,0,0.498662395138384,0.498662395138384,6.1140000000014
0.75,13,21,0.995848705711146,0.997561939905113,0,0,0,1,1,0,NA,0.997561939905113,0.997561939905113,NA,0.5,0.5,32.3009999999995
0.75,13,41,0.995859688084437,0.997561939905113,0,0,0,1,1,0,NA,0.997561939905113,0.997561939905113,NA,0.5,0.5,58.8430000000008
0.75,13,61,0.995870671663787,0.997561939905113,0,0,0,1,1,0,NA,0.997561939905113,0.997561939905113,NA,0.5,0.5,82.2509999999966
0.75,13,81,0.995837724543915,0.997561939905113,0,0,0,1,1,0,NA,0.997561939905113,0.997561939905113,NA,0.5,0.5,107.994999999995
0.75,13,101,0.995848706314176,0.997561939905113,0,0,0,1,1,0,NA,0.997561939905113,0.997561939905113,NA,0.5,0.5,138.010999999999
0.75,13,121,0.995870671060758,0.997561939905113,0,0,0,1,1,0,NA,0.997561939905113,0.997561939905113,NA,0.5,0.5,168.171000000002
0.75,13,141,0.995848707520235,0.997561939905113,0,0,0,1,1,0,NA,0.997561939905113,0.997561939905113,NA,0.5,0.5,185.32
0.75,13,161,0.995837725146944,0.997561939905113,0,0,0,1,1,0,NA,0.997561939905113,0.997561939905113,NA,0.5,0.5,220.724999999999
0.75,13,181,0.995859689290496,0.997561939905113,0,0,0,1,1,0,NA,0.997561939905113,0.997561939905113,NA,0.5,0.5,248.159
0.75,13,201,0.995870671663787,0.997561939905113,0,0,0,1,1,0,NA,0.997561939905113,0.997561939905113,NA,0.5,0.5,275.653000000006
0.75,16,1,0.992080743835418,0.995156188216686,0,0,0,0.997588689964987,0.997588689964987,0,0,0.997555739058629,0.997555739058629,0,0.498794344982493,0.498794344982493,5.80400000000373
0.75,16,21,0.995892095403488,0.997495716356926,0,0,0,0.99993393671137,0.99993393671137,0,0,0.997561457852765,0.997561457852765,0,0.499966968355685,0.499966968355685,32.6949999999997
0.75,16,41,0.995957997484007,0.997528667457493,0,0,0,0.999966968355685,0.999966968355685,0,0,0.99756153820806,0.99756153820806,0,0.499983484177842,0.499983484177842,59.2410000000018
0.75,16,61,0.995968980460328,0.99756161855806,0,0,0,1,1,0,NA,0.99756161855806,0.99756161855806,NA,0.5,0.5,87.5270000000019
0.75,16,81,0.995968981666784,0.99756161855806,0,0,0,1,1,0,NA,0.99756161855806,0.99756161855806,NA,0.5,0.5,114.819000000003
0.75,16,101,0.995925045538905,0.99756161855806,0,0,0,1,1,0,NA,0.99756161855806,0.99756161855806,NA,0.5,0.5,140.222999999998
0.75,16,121,0.99593603032491,0.99756161855806,0,0,0,1,1,0,NA,0.99756161855806,0.99756161855806,NA,0.5,0.5,169.557000000001
0.75,16,141,0.995979965246333,0.99756161855806,0,0,0,1,1,0,NA,0.99756161855806,0.99756161855806,NA,0.5,0.5,194.163
0.75,16,161,0.995979965246333,0.99756161855806,0,0,0,1,1,0,NA,0.99756161855806,0.99756161855806,NA,0.5,0.5,221.544000000002
0.75,16,181,0.995979965246333,0.997528667457493,0,0,0,0.999966968355685,0.999966968355685,0,0,0.99756153820806,0.99756153820806,0,0.499983484177842,0.499983484177842,249.239000000001
0.75,16,201,0.995968981666784,0.997528667457493,0,0,0,0.999966968355685,0.999966968355685,0,0,0.99756153820806,0.99756153820806,0,0.499983484177842,0.499983484177842,276.499000000003
0.75,19,1,0.991782843018182,0.994924861587134,0,0,0,0.997357119259993,0.997357119259993,0,0,0.997554850647634,0.997554850647634,0,0.498678559629997,0.498678559629997,5.81999999999971
0.75,19,21,0.995770578604776,0.997495386237807,0,0,0,0.9999339279815,0.9999339279815,0,0,0.997561136378617,0.997561136378617,0,0.49996696399075,0.49996696399075,32.0310000000027
0.75,19,41,0.995803534773072,0.997528341682046,0,0,0,0.99996696399075,0.99996696399075,0,0,0.9975612167551,0.9975612167551,0,0.499983481995375,0.499983481995375,58.0190000000002
0.75,19,61,0.995858461720232,0.997495386237807,0,0,0,0.9999339279815,0.9999339279815,0,0,0.997561136378617,0.997561136378617,0,0.49996696399075,0.49996696399075,84.3899999999994
0.75,19,81,0.995825505551936,0.997495386237807,0,0,0,0.9999339279815,0.9999339279815,0,0,0.997561136378617,0.997561136378617,0,0.49996696399075,0.49996696399075,110.513999999996
0.75,19,101,0.995836490941368,0.997528341682046,0,0,0,0.99996696399075,0.99996696399075,0,0,0.9975612167551,0.9975612167551,0,0.499983481995375,0.499983481995375,136.026000000005
0.75,19,121,0.995891419095383,0.997528341682046,0,0,0,0.99996696399075,0.99996696399075,0,0,0.9975612167551,0.9975612167551,0,0.499983481995375,0.499983481995375,160.029999999999
0.75,19,141,0.995858462323659,0.997528341682046,0,0,0,0.99996696399075,0.99996696399075,0,0,0.9975612167551,0.9975612167551,0,0.499983481995375,0.499983481995375,189.619999999995
0.75,19,161,0.995869448316518,0.997528341682046,0,0,0,0.99996696399075,0.99996696399075,0,0,0.9975612167551,0.9975612167551,0,0.499983481995375,0.499983481995375,214.167999999998
0.75,19,181,0.995858462323659,0.997528341682046,0,0,0,0.99996696399075,0.99996696399075,0,0,0.9975612167551,0.9975612167551,0,0.499983481995375,0.499983481995375,240.505000000005
0.75,19,201,0.995880433705951,0.997561297126285,0,0,0,1,1,0,NA,0.997561297126285,0.997561297126285,NA,0.5,0.5,264.041999999994
0.75,22,1,0.991748436003602,0.994363504515789,0.0135135135135135,0.0135135135135135,0.0135135135135135,0.996761829236056,0.996761829236056,0.0135135135135135,0.0101010101010101,0.997585899004597,0.997585899004597,0.0101010101010101,0.505137671374785,0.505137671374785,5.81100000000151
0.75,22,21,0.995967610710119,0.997527852857802,0,0,0,0.999966957441184,0.999966957441184,0,0,0.997560734416719,0.997560734416719,0,0.499983478720592,0.499983478720592,31.9749999999985
0.75,22,41,0.995989585713569,0.997560814819698,0,0,0,1,1,0,NA,0.997560814819698,0.997560814819698,NA,0.5,0.5,58.2379999999976
0.75,22,61,0.995989585109943,0.997560814819698,0,0,0,1,1,0,NA,0.997560814819698,0.997560814819698,NA,0.5,0.5,85.1970000000001
0.75,22,81,0.996000572309855,0.997560814819698,0,0,0,1,1,0,NA,0.997560814819698,0.997560814819698,NA,0.5,0.5,109.5
0.75,22,101,0.996022546709679,0.997560814819698,0,0,0,1,1,0,NA,0.997560814819698,0.997560814819698,NA,0.5,0.5,137.349000000002
0.75,22,121,0.996011560113393,0.997560814819698,0,0,0,1,1,0,NA,0.997560814819698,0.997560814819698,NA,0.5,0.5,164.968000000001
0.75,22,141,0.996000572309855,0.997560814819698,0,0,0,1,1,0,NA,0.997560814819698,0.997560814819698,NA,0.5,0.5,188.635000000002
0.75,22,161,0.996000572309855,0.997560814819698,0,0,0,1,1,0,NA,0.997560814819698,0.997560814819698,NA,0.5,0.5,214.709999999999
0.75,22,181,0.996011560113393,0.997560814819698,0,0,0,1,1,0,NA,0.997560814819698,0.997560814819698,NA,0.5,0.5,241.612000000001
0.75,22,201,0.996000572309855,0.997560814819698,0,0,0,1,1,0,NA,0.997560814819698,0.997560814819698,NA,0.5,0.5,270.637999999999
0.85,1,1,0.992011481279255,0.994945888040433,0,0,0,0.997137036833122,0.997137036833122,0,0,0.997796264668613,0.997796264668613,0,0.498568518416561,0.498568518416561,6.67700000000332
0.85,1,21,0.99610268730444,0.993462616052299,0,0,0,0.995650498265705,0.995650498265705,0,0,0.997792981681748,0.997792981681748,0,0.497825249132852,0.497825249132852,37.0069999999978
0.85,1,41,0.996092992215003,0.986540680107675,0.05,0.05,0.05,0.988603204316468,0.988603204316468,0.05,0.00956937799043061,0.997888184950539,0.997888184950539,0.00956937799043061,0.519301602158234,0.519301602158234,71.6519999999946
0.85,1,61,0.996122077013364,0.983024776135802,0.075,0.075,0.075,0.98502450035787,0.98502450035787,0.075,0.0109090909090909,0.997936189201249,0.997936189201249,0.0109090909090909,0.530012250178935,0.530012250178935,103.141000000003
0.85,1,81,0.996092992684954,0.995879800032962,0,0,0,0.998073005560755,0.998073005560755,0,0,0.997798326728313,0.997798326728313,0,0.499036502780378,0.499036502780378,128.902999999998
0.85,1,101,0.996092993154905,0.995220568038235,0,0,0,0.997412321753014,0.997412321753014,0,0,0.997796871557612,0.997796871557612,0,0.498706160876507,0.498706160876507,157.483999999997
0.85,1,121,0.996092992215003,0.994726144042191,0,0,0,0.996916808897209,0.996916808897209,0,0,0.997795778916625,0.997795778916625,0,0.498458404448604,0.498458404448604,191.329999999994
0.85,1,141,0.996112381923926,0.994890952040872,0,0,0,0.997081979849144,0.997081979849144,0,0,0.997796143250689,0.997796143250689,0,0.498540989924572,0.498540989924572,216.161
0.85,1,161,0.996083296655615,0.996099544031204,0,0,0,0.998293233496669,0.998293233496669,0,0,0.997798811358133,0.997798811358133,0,0.499146616748335,0.499146616748335,249.109000000004
0.85,1,181,0.996092992215003,0.995879800032962,0,0,0,0.998073005560755,0.998073005560755,0,0,0.997798326728313,0.997798326728313,0,0.499036502780378,0.499036502780378,284.342000000004
0.85,1,201,0.996083297595517,0.996044608031643,0,0,0,0.998238176512691,0.998238176512691,0,0,0.997798690220681,0.997798690220681,0,0.499119088256345,0.499119088256345,316.752999999997
0.85,4,1,0.991962698477088,0.91303631269571,0.05,0.05,0.05,0.914936959753345,0.914936959753345,0.05,0.00129282482223659,0.997718539865514,0.997718539865514,0.00129282482223659,0.482468479876672,0.482468479876672,7.21199999999953
0.85,4,21,0.996063755148777,0.991594792067242,0,0,0,0.993778560810439,0.993778560810439,0,0,0.997788833609729,0.997788833609729,0,0.496889280405219,0.496889280405219,39.5049999999974
0.85,4,41,0.996151011893705,0.99571499203428,0,0,0,0.99790783460882,0.99790783460882,0,0,0.997797963115882,0.997797963115882,0,0.49895391730441,0.49895391730441,71.8170000000027
0.85,4,61,0.996151011423709,0.995824864033401,0,0,0,0.998017948576777,0.998017948576777,0,0,0.997798205537513,0.997798205537513,0,0.499008974288388,0.499008974288388,104.517
0.85,4,81,0.996151011893705,0.996099544031204,0,0,0,0.998293233496669,0.998293233496669,0,0,0.997798811358133,0.997798811358133,0,0.499146616748335,0.499146616748335,137.574000000001
0.85,4,101,0.996151011893705,0.997472944020216,0,0,0,0.99966965809613,0.99966965809613,0,0,0.997801835467385,0.997801835467385,0,0.499834829048065,0.499834829048065,168.972000000002
0.85,4,121,0.996131621714831,0.996099544031204,0,0,0,0.998293233496669,0.998293233496669,0,0,0.997798811358133,0.997798811358133,0,0.499146616748335,0.499146616748335,201.950000000004
0.85,4,141,0.996151012833698,0.996154480030764,0,0,0,0.998348290480647,0.998348290480647,0,0,0.997798932482254,0.997798932482254,0,0.499174145240324,0.499174145240324,231.835999999996
0.85,4,161,0.99612192709539,0.996539032027688,0,0,0,0.998733689368496,0.998733689368496,0,0,0.997799779977998,0.997799779977998,0,0.499366844684248,0.499366844684248,262.640999999996
0.85,4,181,0.996151012363702,0.995934736032522,0,0,0,0.998128062544734,0.998128062544734,0,0,0.997798447905774,0.997798447905774,0,0.499064031272367,0.499064031272367,293.384999999995
0.85,4,201,0.996151012363702,0.996429160028567,0,0,0,0.99862357540054,0.99862357540054,0,0,0.99779953790296,0.99779953790296,0,0.49931178770027,0.49931178770027,327.824000000001
0.85,7,1,0.992291957863654,0.995769463216307,0,0,0,0.997962667254006,0.997962667254006,0,0,0.997797841885047,0.997797841885047,0,0.498981333627003,0.498981333627003,6.81399999999849
0.85,7,21,0.996034477178086,0.996428767650129,0,0,0,0.998623423820274,0.998623423820274,0,0,0.997799295774648,0.997799295774648,0,0.499311711910137,0.499311711910137,38.0750000000044
0.85,7,41,0.996112043063683,0.997802318553926,0,0,0,1,1,0,NA,0.997802318553926,0.997802318553926,NA,0.5,0.5,70.1599999999962
0.85,7,61,0.996005391909911,0.997802318553926,0,0,0,1,1,0,NA,0.997802318553926,0.997802318553926,NA,0.5,0.5,102.881999999998
0.85,7,81,0.996024782558736,0.997802318553926,0,0,0,1,1,0,NA,0.997802318553926,0.997802318553926,NA,0.5,0.5,134.059999999998
0.85,7,101,0.996063564326429,0.997747376517774,0,0,0,0.999944936952811,0.999944936952811,0,0,0.997802197802198,0.997802197802198,0,0.499972468476405,0.499972468476405,166.307999999997
0.85,7,121,0.996044173677604,0.997747376517774,0,0,0,0.999944936952811,0.999944936952811,0,0,0.997802197802198,0.997802197802198,0,0.499972468476405,0.499972468476405,196.720999999998
0.85,7,141,0.996063565266514,0.997472666337014,0,0,0,0.999669621716866,0.999669621716866,0,0,0.997801593844463,0.997801593844463,0,0.499834810858433,0.499834810858433,229.973999999995
0.85,7,161,0.996053868766996,0.997692434481622,0,0,0,0.999889873905622,0.999889873905622,0,0,0.9978020770372,0.9978020770372,0,0.499944936952811,0.499944936952811,262.620999999999
0.85,7,181,0.99604417273752,0.99763749244547,0,0,0,0.999834810858433,0.999834810858433,0,0,0.99780195625893,0.99780195625893,0,0.499917405429216,0.499917405429216,295.750999999997
0.85,7,201,0.996044173207562,0.99763749244547,0,0,0,0.999834810858433,0.999834810858433,0,0,0.99780195625893,0.99780195625893,0,0.499917405429216,0.499917405429216,328.286
0.85,10,1,0.992320372345583,0.995769230769231,0,0,0,0.997962555066079,0.997962555066079,0,0,0.997797720640863,0.997797720640863,0,0.49898127753304,0.49898127753304,7.07400000000052
0.85,10,21,0.995966256181518,0.997307692307692,0,0,0,0.999504405286344,0.999504405286344,0,0,0.997801110439228,0.997801110439228,0,0.499752202643172,0.499752202643172,39.9619999999995
0.85,10,41,0.996005042179773,0.994175824175824,0,0,0,0.99636563876652,0.99636563876652,0,0,0.997794198742693,0.997794198742693,0,0.49818281938326,0.49818281938326,73.150999999998
0.85,10,61,0.9960244351789,0.995274725274725,0,0,0,0.997466960352423,0.997466960352423,0,0,0.997796628842128,0.997796628842128,0,0.498733480176211,0.498733480176211,106.559000000001
0.85,10,81,0.9960244351789,0.997197802197802,0,0,0,0.999394273127753,0.999394273127753,0,0,0.997800868656881,0.997800868656881,0,0.499697136563877,0.499697136563877,140.262999999999
0.85,10,101,0.996014738679337,0.997362637362637,0,0,0,0.999559471365639,0.999559471365639,0,0,0.997801231310466,0.997801231310466,0,0.499779735682819,0.499779735682819,163.097999999998
0.85,10,121,0.996034131678464,0.997472527472527,0,0,0,0.999669603524229,0.999669603524229,0,0,0.997801473013081,0.997801473013081,0,0.499834801762115,0.499834801762115,196.589
0.85,10,141,0.996043828178028,0.995164835164835,0,0,0,0.997356828193833,0.997356828193833,0,0,0.99779638607316,0.99779638607316,0,0.498678414096916,0.498678414096916,234.830000000002
0.85,10,161,0.996034131678464,0.993846153846154,0,0,0,0.996035242290749,0.996035242290749,0,0,0.997793468667255,0.997793468667255,0,0.498017621145374,0.498017621145374,267.680999999997
0.85,10,181,0.996043828178028,0.994065934065934,0,0,0,0.996255506607929,0.996255506607929,0,0,0.9977939554379,0.9977939554379,0,0.498127753303965,0.498127753303965,302.663
0.85,10,201,0.996014738679337,0.99532967032967,0,0,0,0.997522026431718,0.997522026431718,0,0,0.997796750206555,0.997796750206555,0,0.498761013215859,0.498761013215859,337.484000000004
0.85,13,1,0.992193489425798,0.986207275524783,0.025,0.025,0.025,0.988324705364027,0.988324705364027,0.025,0.00469483568075116,0.997831526271893,0.997831526271893,0.00469483568075116,0.506662352682013,0.506662352682013,6.96600000000035
0.85,13,21,0.996072497351413,0.99780195625893,0,0,0,1,1,0,NA,0.99780195625893,0.99780195625893,NA,0.5,0.5,38.8079999999973
0.85,13,41,0.996140379900769,0.997252445323662,0,0,0,0.999449278554907,0.999449278554907,0,0,0.997800747745766,0.997800747745766,0,0.499724639277453,0.499724639277453,71.3929999999964
0.85,13,61,0.996082196201963,0.997252445323662,0,0,0,0.999449278554907,0.999449278554907,0,0,0.997800747745766,0.997800747745766,0,0.499724639277453,0.499724639277453,104.036999999997
0.85,13,81,0.99604340550201,0.996922738762501,0,0,0,0.999118845687851,0.999118845687851,0,0,0.99780002199978,0.99780002199978,0,0.499559422843926,0.499559422843926,135.576999999997
0.85,13,101,0.996043405972235,0.996977689856028,0,0,0,0.99917391783236,0.99917391783236,0,0,0.997800142990706,0.997800142990706,0,0.49958695891618,0.49958695891618,168.599999999999
0.85,13,121,0.996053103412111,0.997087592043082,0,0,0,0.999284062121379,0.999284062121379,0,0,0.997800384932637,0.997800384932637,0,0.499642031060689,0.499642031060689,202.721000000005
0.85,13,141,0.99604340550201,0.997197494230135,0,0,0,0.999394206410398,0.999394206410398,0,0,0.997800626821356,0.997800626821356,0,0.499697103205199,0.499697103205199,234.211000000003
0.85,13,161,0.996053102941886,0.997472249697769,0,0,0,0.999669567132944,0.999669567132944,0,0,0.997801231310466,0.997801231310466,0,0.499834783566472,0.499834783566472,262.697
0.85,13,181,0.996062800381762,0.997692054071876,0,0,0,0.999889855710981,0.999889855710981,0,0,0.997801714662563,0.997801714662563,0,0.499944927855491,0.499944927855491,294.033000000003
0.85,13,201,0.996072497821638,0.997582151884822,0,0,0,0.999779711421963,0.999779711421963,0,0,0.997801473013081,0.997801473013081,0,0.499889855710981,0.499889855710981,326.990999999995
0.85,16,1,0.992240919451045,0.993515058254561,0,0,0,0.995703899537343,0.995703899537343,0,0,0.997792250800309,0.997792250800309,0,0.497851949768672,0.497851949768672,6.82200000000012
0.85,16,21,0.996071965472092,0.997801714662563,0,0,0,1,1,0,NA,0.997801714662563,0.997801714662563,NA,0.5,0.5,39.2199999999939
0.85,16,41,0.996023471218661,0.997801714662563,0,0,0,1,1,0,NA,0.997801714662563,0.997801714662563,NA,0.5,0.5,71.4050000000061
0.85,16,61,0.996033170069347,0.997801714662563,0,0,0,1,1,0,NA,0.997801714662563,0.997801714662563,NA,0.5,0.5,102.845999999998
0.85,16,81,0.996071965472092,0.997801714662563,0,0,0,1,1,0,NA,0.997801714662563,0.997801714662563,NA,0.5,0.5,134.442999999999
0.85,16,101,0.996081664322778,0.997801714662563,0,0,0,1,1,0,NA,0.997801714662563,0.997801714662563,NA,0.5,0.5,165.868999999999
0.85,16,121,0.996071965472092,0.997801714662563,0,0,0,1,1,0,NA,0.997801714662563,0.997801714662563,NA,0.5,0.5,199.273000000001
0.85,16,141,0.996091363173464,0.997801714662563,0,0,0,1,1,0,NA,0.997801714662563,0.997801714662563,NA,0.5,0.5,227.578000000001
0.85,16,161,0.996081664322778,0.997801714662563,0,0,0,1,1,0,NA,0.997801714662563,0.997801714662563,NA,0.5,0.5,259.038
0.85,16,181,0.996081664322778,0.997801714662563,0,0,0,1,1,0,NA,0.997801714662563,0.997801714662563,NA,0.5,0.5,290.449999999997
0.85,16,201,0.996081664322778,0.997801714662563,0,0,0,1,1,0,NA,0.997801714662563,0.997801714662563,NA,0.5,0.5,323.706999999995
0.85,19,1,0.992249408869559,0.993239157917881,0,0,0,0.995427752988487,0.995427752988487,0,0,0.997791275538377,0.997791275538377,0,0.497713876494243,0.497713876494243,6.63200000000506
0.85,19,21,0.99611985853831,0.994558346616831,0,0,0,0.996749848509888,0.996749848509888,0,0,0.997794198742693,0.997794198742693,0,0.498374924254944,0.498374924254944,37.3300000000017
0.85,19,41,0.996187761312656,0.996702028252625,0,0,0,0.998898253732165,0.998898253732165,0,0,0.997798932482254,0.997798932482254,0,0.499449126866083,0.499449126866083,68.2360000000044
0.85,19,61,0.996197462515559,0.997251690210521,0,0,0,0.999449126866083,0.999449126866083,0,0,0.997800142990706,0.997800142990706,0,0.499724563433041,0.499724563433041,98.265999999996
0.85,19,81,0.99620716183647,0.997526521189468,0,0,0,0.999724563433041,0.999724563433041,0,0,0.997800747745767,0.997800747745767,0,0.499862281716521,0.499862281716521,131.049999999996
0.85,19,101,0.99620716183647,0.9973616226021,0,0,0,0.999559301492866,0.999559301492866,0,0,0.997800384932637,0.997800384932637,0,0.499779650746433,0.499779650746433,159.971000000005
0.85,19,121,0.996226562360284,0.997636453581048,0,0,0,0.999834738059825,0.999834738059825,0,0,0.9978009895547,0.9978009895547,0,0.499917369029912,0.499917369029912,187.728999999999
0.85,19,141,0.996187760842158,0.997636453581048,0,0,0,0.999834738059825,0.999834738059825,0,0,0.9978009895547,0.9978009895547,0,0.499917369029912,0.499917369029912,221.843999999997
0.85,19,161,0.996197461574563,0.997526521189468,0,0,0,0.999724563433041,0.999724563433041,0,0,0.997800747745767,0.997800747745767,0,0.499862281716521,0.499862281716521,252.928
0.85,19,181,0.996187760842158,0.997691419776837,0,0,0,0.999889825373217,0.999889825373217,0,0,0.997801110439228,0.997801110439228,0,0.499944912686608,0.499944912686608,284.154000000002
0.85,19,201,0.99617806058025,0.997636453581048,0,0,0,0.999834738059825,0.999834738059825,0,0,0.9978009895547,0.9978009895547,0,0.499917369029912,0.499917369029912,313.144
0.85,22,1,0.992665250541107,0.982571884105778,0,0,0,0.984737451099234,0.984737451099234,0,0,0.997766860205449,0.997766860205449,0,0.492368725549617,0.492368725549617,6.66000000000349
0.85,22,21,0.996022158539531,0.997800868656881,0,0,0,1,1,0,NA,0.997800868656881,0.997800868656881,NA,0.5,0.5,36.0339999999997
0.85,22,41,0.996099776163557,0.997800868656881,0,0,0,1,1,0,NA,0.997800868656881,0.997800868656881,NA,0.5,0.5,68.8150000000023
0.85,22,61,0.996051265913322,0.997690912089725,0,0,0,0.999889801090969,0.999889801090969,0,0,0.997800626821356,0.997800626821356,0,0.499944900545485,0.499944900545485,100.635000000002
0.85,22,81,0.996080372345844,0.997800868656881,0,0,0,1,1,0,NA,0.997800868656881,0.997800868656881,NA,0.5,0.5,131.127
0.85,22,101,0.996109478307731,0.997800868656881,0,0,0,1,1,0,NA,0.997800868656881,0.997800868656881,NA,0.5,0.5,161.673999999999
0.85,22,121,0.99607067020167,0.997800868656881,0,0,0,1,1,0,NA,0.997800868656881,0.997800868656881,NA,0.5,0.5,191.487000000001
0.85,22,141,0.996060968057496,0.997800868656881,0,0,0,1,1,0,NA,0.997800868656881,0.997800868656881,NA,0.5,0.5,224.432999999997
0.85,22,161,0.996080372345844,0.997800868656881,0,0,0,1,1,0,NA,0.997800868656881,0.997800868656881,NA,0.5,0.5,255.843999999997
0.85,22,181,0.99607067020167,0.997800868656881,0,0,0,1,1,0,NA,0.997800868656881,0.997800868656881,NA,0.5,0.5,286.637999999999
0.85,22,201,0.996051265913322,0.997800868656881,0,0,0,1,1,0,NA,0.997800868656881,0.997800868656881,NA,0.5,0.5,318.228999999999
